"sample_size,""rep"",""model"",""bias_intercept"",""bias_biomarkers"",""correctly_removed"",""rmse"""
"100,1,""Lasso_min"",5.99217955807139,10.6671580165581,0.4,0.926595205009398"
"100,1,""Lasso_1se"",4.94363678046696,21.2381685618834,0.6,1.00924866373368"
"100,1,""AdaptLasso_min"",5.90795158844413,10.0444779009113,0.4,0.923392659153305"
"100,1,""AdaptLasso_1se"",3.60622630767069,16.3917289248349,1,1.00276419637076"
"100,1,""Elastic_Net_min"",6.04142725280526,11.2563690667002,0.4,0.929263995103091"
"100,1,""Elastic_Net_1se"",5.03420633957012,22.2625243459176,0.6,1.0133393964643"
"100,1,""WQS"",-133.425507952319,9.22780535468376,1,0.972734226422625"
"500,1,""Lasso_min"",1.73411352998112,3.0007931017144,0.6,0.974930477181864"
"500,1,""Lasso_1se"",1.74284328917936,9.44992354271166,0.4,0.994379354205453"
"500,1,""AdaptLasso_min"",1.61268400026478,3.07535528811052,1,0.976545580708069"
"500,1,""AdaptLasso_1se"",1.39784299198464,4.5095301703608,1,0.999861119067426"
"500,1,""Elastic_Net_min"",1.74694779259424,3.12581481900191,0.6,0.975185780538344"
"500,1,""Elastic_Net_1se"",1.80047839866908,10.4737620303199,0.2,0.997517560635636"
"500,1,""WQS"",-145.095753216925,2.93507856352451,1,0.990039715045085"
"1000,1,""Lasso_min"",1.71574628249044,2.2708256705649,0.6,0.989922559591825"
"1000,1,""Lasso_1se"",0.978000289170355,7.43685363388645,0.4,1.00957855384238"
"1000,1,""AdaptLasso_min"",1.6862083738486,2.17489616706537,0.8,0.989940328014128"
"1000,1,""AdaptLasso_1se"",1.23290319132293,3.38786663766769,1,1.00785164259246"
"1000,1,""Elastic_Net_min"",1.69826280074689,2.35245898429312,0.6,0.989977230161453"
"1000,1,""Elastic_Net_1se"",0.960010777504954,7.66710262015341,0.4,1.00870829946835"
"1000,1,""WQS"",-133.792743579544,2.83134655471928,1,1.01118663582596"
"5000,1,""Lasso_min"",-0.147437088148972,0.868820429697481,0.6,0.988739478060674"
"5000,1,""Lasso_1se"",0.0317737744809456,4.2988727286296,0.6,0.996569062831849"
"5000,1,""AdaptLasso_min"",-0.18245897429123,0.795706057812287,1,0.988768806587971"
"5000,1,""AdaptLasso_1se"",-0.168711774478126,1.69435621883452,1,0.99857779778886"
"5000,1,""Elastic_Net_min"",-0.140038511205499,0.883871321538778,0.6,0.988740020878052"
"5000,1,""Elastic_Net_1se"",0.0615121134382807,4.47677119952254,0.6,0.996331452723279"
"5000,1,""WQS"",-132.244656252671,0.997139002653054,1,1.00597294582127"
"100,2,""Lasso_min"",-5.39639784453808,13.2955281725841,0.8,0.964700926195177"
"100,2,""Lasso_1se"",-5.22511394640011,24.1681636411545,0.8,1.04924063062965"
"100,2,""AdaptLasso_min"",-7.58415455102966,12.5436650231574,0.8,0.9679178277685"
"100,2,""AdaptLasso_1se"",-9.42924470686052,16.0444103349759,0.8,1.013433109622"
"100,2,""Elastic_Net_min"",-5.05268608796125,13.6746789143309,0.8,0.966555539557163"
"100,2,""Elastic_Net_1se"",-4.43966998655507,21.4414273307239,0.6,1.01876770225725"
"100,2,""WQS"",-121.487505333641,11.0322015641182,1,0.970018773006793"
"500,2,""Lasso_min"",-3.05211659317336,3.65436484078468,0.8,0.99770969607738"
"500,2,""Lasso_1se"",-1.09421790212647,9.9198459696129,0.8,1.03367534285853"
"500,2,""AdaptLasso_min"",-3.36856662719099,3.12836619263935,0.8,0.996681455519812"
"500,2,""AdaptLasso_1se"",-2.35650030842038,4.02736951478766,0.8,1.01536003058404"
"500,2,""Elastic_Net_min"",-2.96080665861476,3.7800884636328,0.8,0.998276642467916"
"500,2,""Elastic_Net_1se"",-1.20339427051677,10.1449643056847,0.6,1.03166964574505"
"500,2,""WQS"",-121.943361071917,3.37566075707745,1,1.00588937297625"
"1000,2,""Lasso_min"",-1.2751168061567,1.94162793083752,0.2,0.961040826415277"
"1000,2,""Lasso_1se"",-1.06970193030039,6.61354523433181,0.8,0.981487184170749"
"1000,2,""AdaptLasso_min"",-1.4599005014954,2.12171639058046,0.8,0.96584214017893"
"1000,2,""AdaptLasso_1se"",-1.98180584790741,3.3503920135306,1,0.981235898903784"
"1000,2,""Elastic_Net_min"",-1.25669334400082,1.97719924394493,0.2,0.96116835581913"
"1000,2,""Elastic_Net_1se"",-0.818004184191302,8.3472103778264,0.8,0.9878840678152"
"1000,2,""WQS"",-138.143690033374,2.30258154216766,1,0.985255825924708"
"5000,2,""Lasso_min"",-0.125858807812761,1.06965887050796,0.6,0.985317217110562"
"5000,2,""Lasso_1se"",0.132149830620908,3.99829974462148,0.6,0.995235582215572"
"5000,2,""AdaptLasso_min"",-0.152419729607968,1.20914753771284,1,0.985442485251773"
"5000,2,""AdaptLasso_1se"",-0.0457000132871359,1.23986023888882,1,0.994935505091466"
"5000,2,""Elastic_Net_min"",-0.123036935023827,1.06096481837007,0.6,0.985318598175864"
"5000,2,""Elastic_Net_1se"",0.124632325407071,3.71388415312201,0.6,0.993293433957935"
"5000,2,""WQS"",-131.512584919367,1.48753092630181,1,1.00301455585689"
"100,3,""Lasso_min"",-2.43891941833561,12.991187931369,0.6,1.01395299745643"
"100,3,""Lasso_1se"",-7.18424243894997,23.3404527834844,0.8,1.07141325345495"
"100,3,""AdaptLasso_min"",-1.36837584741442,12.0947074388574,0.8,1.01924562609808"
"100,3,""AdaptLasso_1se"",-6.55647285720209,20.2690188525173,0.8,1.12563769073242"
"100,3,""Elastic_Net_min"",-3.96618515191834,15.6425999223929,0.8,1.02360444369405"
"100,3,""Elastic_Net_1se"",-9.00007536833764,27.0355197142164,0.8,1.09969825062926"
"100,3,""WQS"",-117.308588300081,11.292112221848,0.8,1.10234960150495"
"500,3,""Lasso_min"",-1.00561478314224,3.80872874656973,0.6,0.994725720281372"
"500,3,""Lasso_1se"",-0.836957046798758,8.17326581786537,0.8,1.03082189329978"
"500,3,""AdaptLasso_min"",-0.929634398655172,4.00250289623188,0.6,0.993601641825101"
"500,3,""AdaptLasso_1se"",-0.377966568399905,3.86415335460253,1,1.02635664857815"
"500,3,""Elastic_Net_min"",-0.988725644973806,3.83907537930029,0.4,0.993088127197848"
"500,3,""Elastic_Net_1se"",-1.01275210067829,6.04490345214494,0.8,1.01641621717647"
"500,3,""WQS"",-120.814517544701,3.64217280134899,1,1.02527646645767"
"1000,3,""Lasso_min"",1.66141073695522,1.87613748425782,1,1.02394291908279"
"1000,3,""Lasso_1se"",2.42946640868993,5.39729066417456,0.8,1.03937698988586"
"1000,3,""AdaptLasso_min"",1.58230589083183,2.19820664269327,1,1.02369008103082"
"1000,3,""AdaptLasso_1se"",2.16614840486349,1.71270139660988,1,1.03428507929775"
"1000,3,""Elastic_Net_min"",1.68489167518077,1.81229134883648,1,1.02412235416523"
"1000,3,""Elastic_Net_1se"",2.52874524489301,7.25181250554473,0.4,1.04596376742373"
"1000,3,""WQS"",-122.700634384998,2.444647700667,1,1.04524425572071"
"5000,3,""Lasso_min"",0.543054740364805,0.707237515060641,0.4,0.99501168575083"
"5000,3,""Lasso_1se"",0.581269526175771,4.14733884839255,0.8,1.00358497167406"
"5000,3,""AdaptLasso_min"",0.608665984130917,0.772874786400128,1,0.995632577053792"
"5000,3,""AdaptLasso_1se"",0.709680344808666,0.744761886261731,1,0.99974682776964"
"5000,3,""Elastic_Net_min"",0.540483927072792,0.670467656181084,0.4,0.995014755550861"
"5000,3,""Elastic_Net_1se"",0.563096760988109,4.31337420799289,0.6,1.00334173058678"
"5000,3,""WQS"",-134.331557562634,1.14835173489734,1,1.01907156827031"
"100,4,""Lasso_min"",-9.57877674566188,9.40038720336941,0.6,0.830400664330524"
"100,4,""Lasso_1se"",-10.1986367698186,5.78849042664173,0.6,0.886573489801863"
"100,4,""AdaptLasso_min"",-10.165797534101,10.6208415372443,0.6,0.829158205560037"
"100,4,""AdaptLasso_1se"",-7.92491101194973,5.33486794318985,0.8,0.913250968644681"
"100,4,""Elastic_Net_min"",-9.41469729720979,9.10519255881708,0.6,0.830256197651203"
"100,4,""Elastic_Net_1se"",-9.17417145194773,7.6962627407178,0.6,0.927185042837754"
"100,4,""WQS"",-153.831989678928,9.10831847062954,1,0.91618149725779"
"500,4,""Lasso_min"",-4.52247750491157,7.10608689107203,1,0.976560248256873"
"500,4,""Lasso_1se"",-6.13655985631759,11.9732437599113,0.8,0.996070009374339"
"500,4,""AdaptLasso_min"",-4.26498845039531,6.43303561483459,1,0.97608607529608"
"500,4,""AdaptLasso_1se"",-5.4272744248517,8.58396345245083,1,1.00452413178089"
"500,4,""Elastic_Net_min"",-4.58638034365914,7.29060381328965,1,0.976811865958306"
"500,4,""Elastic_Net_1se"",-6.27391182696923,12.9363562675768,0.6,0.999025879459777"
"500,4,""WQS"",-134.295588812884,5.35034133491891,1,1.00205922106434"
"1000,4,""Lasso_min"",-1.38903178197143,2.6383266937465,0,1.00404671002013"
"1000,4,""Lasso_1se"",-0.995378809682202,9.18275687967515,0.8,1.03647718155812"
"1000,4,""AdaptLasso_min"",-1.62858996468445,2.47677349627504,0.8,1.00884485726709"
"1000,4,""AdaptLasso_1se"",-1.78860038340666,3.42461114130903,1,1.02644784484633"
"1000,4,""Elastic_Net_min"",-1.38615821802823,2.58708014545656,0.2,1.00429667406861"
"1000,4,""Elastic_Net_1se"",-0.964178223883364,8.55581728742593,0.8,1.03078988867115"
"1000,4,""WQS"",-135.712603041129,2.57622347142441,1,1.01947459130472"
"5000,4,""Lasso_min"",2.51113600194356,0.869710090169946,0.6,1.00621795496169"
"5000,4,""Lasso_1se"",2.56484345730264,4.88855812436109,0.4,1.01543772685776"
"5000,4,""AdaptLasso_min"",2.50284271333082,0.968117431640652,0.8,1.00644028103218"
"5000,4,""AdaptLasso_1se"",2.47279449661548,1.22694832090532,1,1.01548978556929"
"5000,4,""Elastic_Net_min"",2.50966005534259,0.860763496332071,0.6,1.00622346620383"
"5000,4,""Elastic_Net_1se"",2.5565545318979,5.07597033947714,0.4,1.01514430195249"
"5000,4,""WQS"",-130.334856214435,0.968548715277577,1,1.02015262966149"
"100,5,""Lasso_min"",2.37702222272277,9.28715331555772,0.8,0.835547601324586"
"100,5,""Lasso_1se"",3.31769575476422,17.6298020891772,0.8,0.886255202856193"
"100,5,""AdaptLasso_min"",2.34346629914916,6.50543346043715,0.8,0.834003960563997"
"100,5,""AdaptLasso_1se"",4.36828003701762,10.4584809813886,0.8,0.86514816775194"
"100,5,""Elastic_Net_min"",1.63579497789755,7.60343967727059,0.6,0.820220015167791"
"100,5,""Elastic_Net_1se"",2.9195418481672,19.0394645958463,0.8,0.894269989949819"
"100,5,""WQS"",-78.018328318605,4.1958351696076,1,0.849297929774988"
"500,5,""Lasso_min"",-2.13523716604447,4.26572290508748,0.8,0.977098218165141"
"500,5,""Lasso_1se"",-2.48160490026045,11.5473383576642,0.4,1.00953478054143"
"500,5,""AdaptLasso_min"",-2.26373303045039,3.50805000140584,0.6,0.971668135891286"
"500,5,""AdaptLasso_1se"",-2.42694562156784,5.60685689322568,0.8,1.0120272419292"
"500,5,""Elastic_Net_min"",-2.18662965224356,3.7615130791185,0,0.969872681575356"
"500,5,""Elastic_Net_1se"",-2.34840913045178,10.9421630073949,0.4,1.00258132979837"
"500,5,""WQS"",-123.106125242738,4.03992153545832,1,0.992809149670697"
"1000,5,""Lasso_min"",1.04142086491535,1.58236373547874,0.6,1.00414949404981"
"1000,5,""Lasso_1se"",2.4273704650248,7.44678169400009,0.6,1.0239323212534"
"1000,5,""AdaptLasso_min"",0.945774158517576,1.35537212186854,0.8,1.00378664330983"
"1000,5,""AdaptLasso_1se"",2.49296100345225,2.14214175877796,1,1.0173539035852"
"1000,5,""Elastic_Net_min"",1.01864975528672,1.58377711235677,0.6,1.00413602234149"
"1000,5,""Elastic_Net_1se"",2.26592973490791,7.58811284976715,0.6,1.02269173703692"
"1000,5,""WQS"",-122.194106630616,1.80230502167522,0.8,1.0202775020251"
"5000,5,""Lasso_min"",1.10521792831525,0.679481722505961,0.8,0.99263690299167"
"5000,5,""Lasso_1se"",1.07610704133942,3.95587414114578,0.8,1.00070688161761"
"5000,5,""AdaptLasso_min"",1.11102852642163,0.927335547362045,1,0.992620599184612"
"5000,5,""AdaptLasso_1se"",1.09895606657641,0.719790789000356,1,0.997832686459432"
"5000,5,""Elastic_Net_min"",1.10421952516792,0.658501956958084,0.8,0.992636724215788"
"5000,5,""Elastic_Net_1se"",1.07916282527626,3.26898140602923,0.8,0.998048916755715"
"5000,5,""WQS"",-138.560770764602,1.01488131758155,1,1.01386472049455"
"100,6,""Lasso_min"",-16.1659090053876,11.0697828731862,0,0.950792938776665"
"100,6,""Lasso_1se"",-13.2570964985066,19.6331210436858,1,1.06960918014986"
"100,6,""AdaptLasso_min"",-16.7604772626132,10.8383853096053,0.8,1.04416392047219"
"100,6,""AdaptLasso_1se"",-16.4052115083677,16.8741904773946,1,1.09077950582346"
"100,6,""Elastic_Net_min"",-16.1134435099789,10.9412540845436,0,0.951679523252807"
"100,6,""Elastic_Net_1se"",-12.5857721154884,20.8476452956456,0.8,1.07430587875075"
"100,6,""WQS"",-119.96167983722,8.71631848205372,1,1.0505725014769"
"500,6,""Lasso_min"",0.0205171589860137,3.93385896645221,0.8,0.956055939383658"
"500,6,""Lasso_1se"",-0.316458226963048,11.7031356196138,0.8,0.985242102491306"
"500,6,""AdaptLasso_min"",0.11507223913475,3.05198410963909,0.8,0.955371760798397"
"500,6,""AdaptLasso_1se"",0.0268217354437057,5.26788040046603,1,0.981560498455813"
"500,6,""Elastic_Net_min"",0.0155102657842125,3.9534723179363,0.6,0.9557312644587"
"500,6,""Elastic_Net_1se"",-0.284102235807379,10.2981736788535,0.8,0.975243618283814"
"500,6,""WQS"",-119.553382577111,2.8110819581611,1,0.971393415362983"
"1000,6,""Lasso_min"",-0.331761302414042,2.62020347242202,0.6,0.990526575995261"
"1000,6,""Lasso_1se"",-0.831139664608116,7.96053582137229,0.4,1.01093469028823"
"1000,6,""AdaptLasso_min"",-0.207639692342662,2.53712142092484,0.8,0.990485456987423"
"1000,6,""AdaptLasso_1se"",0.503573797806912,2.90997516955061,1,1.01310085646727"
"1000,6,""Elastic_Net_min"",-0.338149802952872,2.61235508892123,0.6,0.990494427978258"
"1000,6,""Elastic_Net_1se"",-1.06695909037119,9.83960572660134,0.4,1.01851346955751"
"1000,6,""WQS"",-112.126869189812,2.57997048527671,1,1.00354516856598"
"5000,6,""Lasso_min"",1.10521792831525,0.679481722505961,0.8,0.99263690299167"
"5000,6,""Lasso_1se"",1.07610704133942,3.95587414114578,0.8,1.00070688161761"
"5000,6,""AdaptLasso_min"",1.11102852642163,0.927335547362045,1,0.992620599184612"
"5000,6,""AdaptLasso_1se"",1.09895606657641,0.719790789000356,1,0.997832686459432"
"5000,6,""Elastic_Net_min"",1.10421952516792,0.658501956958084,0.8,0.992636724215788"
"5000,6,""Elastic_Net_1se"",1.07916282527626,3.26898140602923,0.8,0.998048916755715"
"5000,6,""WQS"",-138.560770764602,1.01488131758155,1,1.01386472049455"
"100,7,""Lasso_min"",-16.1659090053876,11.0697828731862,0,0.950792938776665"
"100,7,""Lasso_1se"",-13.2570964985066,19.6331210436858,1,1.06960918014986"
"100,7,""AdaptLasso_min"",-16.7604772626132,10.8383853096053,0.8,1.04416392047219"
"100,7,""AdaptLasso_1se"",-16.4052115083677,16.8741904773946,1,1.09077950582346"
"100,7,""Elastic_Net_min"",-16.1134435099789,10.9412540845436,0,0.951679523252807"
"100,7,""Elastic_Net_1se"",-12.5857721154884,20.8476452956456,0.8,1.07430587875075"
"100,7,""WQS"",-119.96167983722,8.71631848205372,1,1.0505725014769"
"500,7,""Lasso_min"",0.0205171589860137,3.93385896645221,0.8,0.956055939383658"
"500,7,""Lasso_1se"",-0.316458226963048,11.7031356196138,0.8,0.985242102491306"
"500,7,""AdaptLasso_min"",0.11507223913475,3.05198410963909,0.8,0.955371760798397"
"500,7,""AdaptLasso_1se"",0.0268217354437057,5.26788040046603,1,0.981560498455813"
"500,7,""Elastic_Net_min"",0.0155102657842125,3.9534723179363,0.6,0.9557312644587"
"500,7,""Elastic_Net_1se"",-0.284102235807379,10.2981736788535,0.8,0.975243618283814"
"500,7,""WQS"",-119.553382577111,2.8110819581611,1,0.971393415362983"
"1000,7,""Lasso_min"",-0.331761302414042,2.62020347242202,0.6,0.990526575995261"
"1000,7,""Lasso_1se"",-0.831139664608116,7.96053582137229,0.4,1.01093469028823"
"1000,7,""AdaptLasso_min"",-0.207639692342662,2.53712142092484,0.8,0.990485456987423"
"1000,7,""AdaptLasso_1se"",0.503573797806912,2.90997516955061,1,1.01310085646727"
"1000,7,""Elastic_Net_min"",-0.338149802952872,2.61235508892123,0.6,0.990494427978258"
"1000,7,""Elastic_Net_1se"",-1.06695909037119,9.83960572660134,0.4,1.01851346955751"
"1000,7,""WQS"",-112.126869189812,2.57997048527671,1,1.00354516856598"
"5000,7,""Lasso_min"",1.10521792831525,0.679481722505961,0.8,0.99263690299167"
"5000,7,""Lasso_1se"",1.07610704133942,3.95587414114578,0.8,1.00070688161761"
"5000,7,""AdaptLasso_min"",1.11102852642163,0.927335547362045,1,0.992620599184612"
"5000,7,""AdaptLasso_1se"",1.09895606657641,0.719790789000356,1,0.997832686459432"
"5000,7,""Elastic_Net_min"",1.10421952516792,0.658501956958084,0.8,0.992636724215788"
"5000,7,""Elastic_Net_1se"",1.07916282527626,3.26898140602923,0.8,0.998048916755715"
"5000,7,""WQS"",-138.560770764602,1.01488131758155,1,1.01386472049455"
"100,8,""Lasso_min"",-16.1659090053876,11.0697828731862,0,0.950792938776665"
"100,8,""Lasso_1se"",-13.2570964985066,19.6331210436858,1,1.06960918014986"
"100,8,""AdaptLasso_min"",-16.7604772626132,10.8383853096053,0.8,1.04416392047219"
"100,8,""AdaptLasso_1se"",-16.4052115083677,16.8741904773946,1,1.09077950582346"
"100,8,""Elastic_Net_min"",-16.1134435099789,10.9412540845436,0,0.951679523252807"
"100,8,""Elastic_Net_1se"",-12.5857721154884,20.8476452956456,0.8,1.07430587875075"
"100,8,""WQS"",-119.96167983722,8.71631848205372,1,1.0505725014769"
"500,8,""Lasso_min"",0.0205171589860137,3.93385896645221,0.8,0.956055939383658"
"500,8,""Lasso_1se"",-0.316458226963048,11.7031356196138,0.8,0.985242102491306"
"500,8,""AdaptLasso_min"",0.11507223913475,3.05198410963909,0.8,0.955371760798397"
"500,8,""AdaptLasso_1se"",0.0268217354437057,5.26788040046603,1,0.981560498455813"
"500,8,""Elastic_Net_min"",0.0155102657842125,3.9534723179363,0.6,0.9557312644587"
"500,8,""Elastic_Net_1se"",-0.284102235807379,10.2981736788535,0.8,0.975243618283814"
"500,8,""WQS"",-119.553382577111,2.8110819581611,1,0.971393415362983"
"1000,8,""Lasso_min"",-0.331761302414042,2.62020347242202,0.6,0.990526575995261"
"1000,8,""Lasso_1se"",-0.831139664608116,7.96053582137229,0.4,1.01093469028823"
"1000,8,""AdaptLasso_min"",-0.207639692342662,2.53712142092484,0.8,0.990485456987423"
"1000,8,""AdaptLasso_1se"",0.503573797806912,2.90997516955061,1,1.01310085646727"
"1000,8,""Elastic_Net_min"",-0.338149802952872,2.61235508892123,0.6,0.990494427978258"
"1000,8,""Elastic_Net_1se"",-1.06695909037119,9.83960572660134,0.4,1.01851346955751"
"1000,8,""WQS"",-112.126869189812,2.57997048527671,1,1.00354516856598"
"5000,8,""Lasso_min"",1.10521792831525,0.679481722505961,0.8,0.99263690299167"
"5000,8,""Lasso_1se"",1.07610704133942,3.95587414114578,0.8,1.00070688161761"
"5000,8,""AdaptLasso_min"",1.11102852642163,0.927335547362045,1,0.992620599184612"
"5000,8,""AdaptLasso_1se"",1.09895606657641,0.719790789000356,1,0.997832686459432"
"5000,8,""Elastic_Net_min"",1.10421952516792,0.658501956958084,0.8,0.992636724215788"
"5000,8,""Elastic_Net_1se"",1.07916282527626,3.26898140602923,0.8,0.998048916755715"
"5000,8,""WQS"",-138.560770764602,1.01488131758155,1,1.01386472049455"
"100,9,""Lasso_min"",-16.1659090053876,11.0697828731862,0,0.950792938776665"
"100,9,""Lasso_1se"",-13.2570964985066,19.6331210436858,1,1.06960918014986"
"100,9,""AdaptLasso_min"",-16.7604772626132,10.8383853096053,0.8,1.04416392047219"
"100,9,""AdaptLasso_1se"",-16.4052115083677,16.8741904773946,1,1.09077950582346"
"100,9,""Elastic_Net_min"",-16.1134435099789,10.9412540845436,0,0.951679523252807"
"100,9,""Elastic_Net_1se"",-12.5857721154884,20.8476452956456,0.8,1.07430587875075"
"100,9,""WQS"",-119.96167983722,8.71631848205372,1,1.0505725014769"
"500,9,""Lasso_min"",0.0205171589860137,3.93385896645221,0.8,0.956055939383658"
"500,9,""Lasso_1se"",-0.316458226963048,11.7031356196138,0.8,0.985242102491306"
"500,9,""AdaptLasso_min"",0.11507223913475,3.05198410963909,0.8,0.955371760798397"
"500,9,""AdaptLasso_1se"",0.0268217354437057,5.26788040046603,1,0.981560498455813"
"500,9,""Elastic_Net_min"",0.0155102657842125,3.9534723179363,0.6,0.9557312644587"
"500,9,""Elastic_Net_1se"",-0.284102235807379,10.2981736788535,0.8,0.975243618283814"
"500,9,""WQS"",-119.553382577111,2.8110819581611,1,0.971393415362983"
"1000,9,""Lasso_min"",-0.331761302414042,2.62020347242202,0.6,0.990526575995261"
"1000,9,""Lasso_1se"",-0.831139664608116,7.96053582137229,0.4,1.01093469028823"
"1000,9,""AdaptLasso_min"",-0.207639692342662,2.53712142092484,0.8,0.990485456987423"
"1000,9,""AdaptLasso_1se"",0.503573797806912,2.90997516955061,1,1.01310085646727"
"1000,9,""Elastic_Net_min"",-0.338149802952872,2.61235508892123,0.6,0.990494427978258"
"1000,9,""Elastic_Net_1se"",-1.06695909037119,9.83960572660134,0.4,1.01851346955751"
"1000,9,""WQS"",-112.126869189812,2.57997048527671,1,1.00354516856598"
"5000,9,""Lasso_min"",1.10521792831525,0.679481722505961,0.8,0.99263690299167"
"5000,9,""Lasso_1se"",1.07610704133942,3.95587414114578,0.8,1.00070688161761"
"5000,9,""AdaptLasso_min"",1.11102852642163,0.927335547362045,1,0.992620599184612"
"5000,9,""AdaptLasso_1se"",1.09895606657641,0.719790789000356,1,0.997832686459432"
"5000,9,""Elastic_Net_min"",1.10421952516792,0.658501956958084,0.8,0.992636724215788"
"5000,9,""Elastic_Net_1se"",1.07916282527626,3.26898140602923,0.8,0.998048916755715"
"5000,9,""WQS"",-138.560770764602,1.01488131758155,1,1.01386472049455"
"100,10,""Lasso_min"",-16.1659090053876,11.0697828731862,0,0.950792938776665"
"100,10,""Lasso_1se"",-13.2570964985066,19.6331210436858,1,1.06960918014986"
"100,10,""AdaptLasso_min"",-16.7604772626132,10.8383853096053,0.8,1.04416392047219"
"100,10,""AdaptLasso_1se"",-16.4052115083677,16.8741904773946,1,1.09077950582346"
"100,10,""Elastic_Net_min"",-16.1134435099789,10.9412540845436,0,0.951679523252807"
"100,10,""Elastic_Net_1se"",-12.5857721154884,20.8476452956456,0.8,1.07430587875075"
"100,10,""WQS"",-119.96167983722,8.71631848205372,1,1.0505725014769"
"500,10,""Lasso_min"",0.0205171589860137,3.93385896645221,0.8,0.956055939383658"
"500,10,""Lasso_1se"",-0.316458226963048,11.7031356196138,0.8,0.985242102491306"
"500,10,""AdaptLasso_min"",0.11507223913475,3.05198410963909,0.8,0.955371760798397"
"500,10,""AdaptLasso_1se"",0.0268217354437057,5.26788040046603,1,0.981560498455813"
"500,10,""Elastic_Net_min"",0.0155102657842125,3.9534723179363,0.6,0.9557312644587"
"500,10,""Elastic_Net_1se"",-0.284102235807379,10.2981736788535,0.8,0.975243618283814"
"500,10,""WQS"",-119.553382577111,2.8110819581611,1,0.971393415362983"
"1000,10,""Lasso_min"",-0.331761302414042,2.62020347242202,0.6,0.990526575995261"
"1000,10,""Lasso_1se"",-0.831139664608116,7.96053582137229,0.4,1.01093469028823"
"1000,10,""AdaptLasso_min"",-0.207639692342662,2.53712142092484,0.8,0.990485456987423"
"1000,10,""AdaptLasso_1se"",0.503573797806912,2.90997516955061,1,1.01310085646727"
"1000,10,""Elastic_Net_min"",-0.338149802952872,2.61235508892123,0.6,0.990494427978258"
"1000,10,""Elastic_Net_1se"",-1.06695909037119,9.83960572660134,0.4,1.01851346955751"
"1000,10,""WQS"",-112.126869189812,2.57997048527671,1,1.00354516856598"
"5000,10,""Lasso_min"",1.10521792831525,0.679481722505961,0.8,0.99263690299167"
"5000,10,""Lasso_1se"",1.07610704133942,3.95587414114578,0.8,1.00070688161761"
"5000,10,""AdaptLasso_min"",1.11102852642163,0.927335547362045,1,0.992620599184612"
"5000,10,""AdaptLasso_1se"",1.09895606657641,0.719790789000356,1,0.997832686459432"
"5000,10,""Elastic_Net_min"",1.10421952516792,0.658501956958084,0.8,0.992636724215788"
"5000,10,""Elastic_Net_1se"",1.07916282527626,3.26898140602923,0.8,0.998048916755715"
"5000,10,""WQS"",-138.560770764602,1.01488131758155,1,1.01386472049455"
"100,11,""Lasso_min"",-16.1659090053876,11.0697828731862,0,0.950792938776665"
"100,11,""Lasso_1se"",-13.2570964985066,19.6331210436858,1,1.06960918014986"
"100,11,""AdaptLasso_min"",-16.7604772626132,10.8383853096053,0.8,1.04416392047219"
"100,11,""AdaptLasso_1se"",-16.4052115083677,16.8741904773946,1,1.09077950582346"
"100,11,""Elastic_Net_min"",-16.1134435099789,10.9412540845436,0,0.951679523252807"
"100,11,""Elastic_Net_1se"",-12.5857721154884,20.8476452956456,0.8,1.07430587875075"
"100,11,""WQS"",-119.96167983722,8.71631848205372,1,1.0505725014769"
"500,11,""Lasso_min"",0.0205171589860137,3.93385896645221,0.8,0.956055939383658"
"500,11,""Lasso_1se"",-0.316458226963048,11.7031356196138,0.8,0.985242102491306"
"500,11,""AdaptLasso_min"",0.11507223913475,3.05198410963909,0.8,0.955371760798397"
"500,11,""AdaptLasso_1se"",0.0268217354437057,5.26788040046603,1,0.981560498455813"
"500,11,""Elastic_Net_min"",0.0155102657842125,3.9534723179363,0.6,0.9557312644587"
"500,11,""Elastic_Net_1se"",-0.284102235807379,10.2981736788535,0.8,0.975243618283814"
"500,11,""WQS"",-119.553382577111,2.8110819581611,1,0.971393415362983"
"1000,11,""Lasso_min"",-0.331761302414042,2.62020347242202,0.6,0.990526575995261"
"1000,11,""Lasso_1se"",-0.831139664608116,7.96053582137229,0.4,1.01093469028823"
"1000,11,""AdaptLasso_min"",-0.207639692342662,2.53712142092484,0.8,0.990485456987423"
"1000,11,""AdaptLasso_1se"",0.503573797806912,2.90997516955061,1,1.01310085646727"
"1000,11,""Elastic_Net_min"",-0.338149802952872,2.61235508892123,0.6,0.990494427978258"
"1000,11,""Elastic_Net_1se"",-1.06695909037119,9.83960572660134,0.4,1.01851346955751"
"1000,11,""WQS"",-112.126869189812,2.57997048527671,1,1.00354516856598"
"5000,11,""Lasso_min"",1.10521792831525,0.679481722505961,0.8,0.99263690299167"
"5000,11,""Lasso_1se"",1.07610704133942,3.95587414114578,0.8,1.00070688161761"
"5000,11,""AdaptLasso_min"",1.11102852642163,0.927335547362045,1,0.992620599184612"
"5000,11,""AdaptLasso_1se"",1.09895606657641,0.719790789000356,1,0.997832686459432"
"5000,11,""Elastic_Net_min"",1.10421952516792,0.658501956958084,0.8,0.992636724215788"
"5000,11,""Elastic_Net_1se"",1.07916282527626,3.26898140602923,0.8,0.998048916755715"
"5000,11,""WQS"",-138.560770764602,1.01488131758155,1,1.01386472049455"
"100,12,""Lasso_min"",-16.1659090053876,11.0697828731862,0,0.950792938776665"
"100,12,""Lasso_1se"",-13.2570964985066,19.6331210436858,1,1.06960918014986"
"100,12,""AdaptLasso_min"",-16.7604772626132,10.8383853096053,0.8,1.04416392047219"
"100,12,""AdaptLasso_1se"",-16.4052115083677,16.8741904773946,1,1.09077950582346"
"100,12,""Elastic_Net_min"",-16.1134435099789,10.9412540845436,0,0.951679523252807"
"100,12,""Elastic_Net_1se"",-12.5857721154884,20.8476452956456,0.8,1.07430587875075"
"100,12,""WQS"",-119.96167983722,8.71631848205372,1,1.0505725014769"
"500,12,""Lasso_min"",0.0205171589860137,3.93385896645221,0.8,0.956055939383658"
"500,12,""Lasso_1se"",-0.316458226963048,11.7031356196138,0.8,0.985242102491306"
"500,12,""AdaptLasso_min"",0.11507223913475,3.05198410963909,0.8,0.955371760798397"
"500,12,""AdaptLasso_1se"",0.0268217354437057,5.26788040046603,1,0.981560498455813"
"500,12,""Elastic_Net_min"",0.0155102657842125,3.9534723179363,0.6,0.9557312644587"
"500,12,""Elastic_Net_1se"",-0.284102235807379,10.2981736788535,0.8,0.975243618283814"
"500,12,""WQS"",-119.553382577111,2.8110819581611,1,0.971393415362983"
"1000,12,""Lasso_min"",-0.331761302414042,2.62020347242202,0.6,0.990526575995261"
"1000,12,""Lasso_1se"",-0.831139664608116,7.96053582137229,0.4,1.01093469028823"
"1000,12,""AdaptLasso_min"",-0.207639692342662,2.53712142092484,0.8,0.990485456987423"
"1000,12,""AdaptLasso_1se"",0.503573797806912,2.90997516955061,1,1.01310085646727"
"1000,12,""Elastic_Net_min"",-0.338149802952872,2.61235508892123,0.6,0.990494427978258"
"1000,12,""Elastic_Net_1se"",-1.06695909037119,9.83960572660134,0.4,1.01851346955751"
"1000,12,""WQS"",-112.126869189812,2.57997048527671,1,1.00354516856598"
"5000,12,""Lasso_min"",1.10521792831525,0.679481722505961,0.8,0.99263690299167"
"5000,12,""Lasso_1se"",1.07610704133942,3.95587414114578,0.8,1.00070688161761"
"5000,12,""AdaptLasso_min"",1.11102852642163,0.927335547362045,1,0.992620599184612"
"5000,12,""AdaptLasso_1se"",1.09895606657641,0.719790789000356,1,0.997832686459432"
"5000,12,""Elastic_Net_min"",1.10421952516792,0.658501956958084,0.8,0.992636724215788"
"5000,12,""Elastic_Net_1se"",1.07916282527626,3.26898140602923,0.8,0.998048916755715"
"5000,12,""WQS"",-138.560770764602,1.01488131758155,1,1.01386472049455"
"100,13,""Lasso_min"",-16.1659090053876,11.0697828731862,0,0.950792938776665"
"100,13,""Lasso_1se"",-13.2570964985066,19.6331210436858,1,1.06960918014986"
"100,13,""AdaptLasso_min"",-16.7604772626132,10.8383853096053,0.8,1.04416392047219"
"100,13,""AdaptLasso_1se"",-16.4052115083677,16.8741904773946,1,1.09077950582346"
"100,13,""Elastic_Net_min"",-16.1134435099789,10.9412540845436,0,0.951679523252807"
"100,13,""Elastic_Net_1se"",-12.5857721154884,20.8476452956456,0.8,1.07430587875075"
"100,13,""WQS"",-119.96167983722,8.71631848205372,1,1.0505725014769"
"500,13,""Lasso_min"",0.0205171589860137,3.93385896645221,0.8,0.956055939383658"
"500,13,""Lasso_1se"",-0.316458226963048,11.7031356196138,0.8,0.985242102491306"
"500,13,""AdaptLasso_min"",0.11507223913475,3.05198410963909,0.8,0.955371760798397"
"500,13,""AdaptLasso_1se"",0.0268217354437057,5.26788040046603,1,0.981560498455813"
"500,13,""Elastic_Net_min"",0.0155102657842125,3.9534723179363,0.6,0.9557312644587"
"500,13,""Elastic_Net_1se"",-0.284102235807379,10.2981736788535,0.8,0.975243618283814"
"500,13,""WQS"",-119.553382577111,2.8110819581611,1,0.971393415362983"
"1000,13,""Lasso_min"",-0.331761302414042,2.62020347242202,0.6,0.990526575995261"
"1000,13,""Lasso_1se"",-0.831139664608116,7.96053582137229,0.4,1.01093469028823"
"1000,13,""AdaptLasso_min"",-0.207639692342662,2.53712142092484,0.8,0.990485456987423"
"1000,13,""AdaptLasso_1se"",0.503573797806912,2.90997516955061,1,1.01310085646727"
"1000,13,""Elastic_Net_min"",-0.338149802952872,2.61235508892123,0.6,0.990494427978258"
"1000,13,""Elastic_Net_1se"",-1.06695909037119,9.83960572660134,0.4,1.01851346955751"
"1000,13,""WQS"",-112.126869189812,2.57997048527671,1,1.00354516856598"
"5000,13,""Lasso_min"",1.10521792831525,0.679481722505961,0.8,0.99263690299167"
"5000,13,""Lasso_1se"",1.07610704133942,3.95587414114578,0.8,1.00070688161761"
"5000,13,""AdaptLasso_min"",1.11102852642163,0.927335547362045,1,0.992620599184612"
"5000,13,""AdaptLasso_1se"",1.09895606657641,0.719790789000356,1,0.997832686459432"
"5000,13,""Elastic_Net_min"",1.10421952516792,0.658501956958084,0.8,0.992636724215788"
"5000,13,""Elastic_Net_1se"",1.07916282527626,3.26898140602923,0.8,0.998048916755715"
"5000,13,""WQS"",-138.560770764602,1.01488131758155,1,1.01386472049455"
"100,14,""Lasso_min"",-16.1659090053876,11.0697828731862,0,0.950792938776665"
"100,14,""Lasso_1se"",-13.2570964985066,19.6331210436858,1,1.06960918014986"
"100,14,""AdaptLasso_min"",-16.7604772626132,10.8383853096053,0.8,1.04416392047219"
"100,14,""AdaptLasso_1se"",-16.4052115083677,16.8741904773946,1,1.09077950582346"
"100,14,""Elastic_Net_min"",-16.1134435099789,10.9412540845436,0,0.951679523252807"
"100,14,""Elastic_Net_1se"",-12.5857721154884,20.8476452956456,0.8,1.07430587875075"
"100,14,""WQS"",-119.96167983722,8.71631848205372,1,1.0505725014769"
"500,14,""Lasso_min"",0.0205171589860137,3.93385896645221,0.8,0.956055939383658"
"500,14,""Lasso_1se"",-0.316458226963048,11.7031356196138,0.8,0.985242102491306"
"500,14,""AdaptLasso_min"",0.11507223913475,3.05198410963909,0.8,0.955371760798397"
"500,14,""AdaptLasso_1se"",0.0268217354437057,5.26788040046603,1,0.981560498455813"
"500,14,""Elastic_Net_min"",0.0155102657842125,3.9534723179363,0.6,0.9557312644587"
"500,14,""Elastic_Net_1se"",-0.284102235807379,10.2981736788535,0.8,0.975243618283814"
"500,14,""WQS"",-119.553382577111,2.8110819581611,1,0.971393415362983"
"1000,14,""Lasso_min"",-0.331761302414042,2.62020347242202,0.6,0.990526575995261"
"1000,14,""Lasso_1se"",-0.831139664608116,7.96053582137229,0.4,1.01093469028823"
"1000,14,""AdaptLasso_min"",-0.207639692342662,2.53712142092484,0.8,0.990485456987423"
"1000,14,""AdaptLasso_1se"",0.503573797806912,2.90997516955061,1,1.01310085646727"
"1000,14,""Elastic_Net_min"",-0.338149802952872,2.61235508892123,0.6,0.990494427978258"
"1000,14,""Elastic_Net_1se"",-1.06695909037119,9.83960572660134,0.4,1.01851346955751"
"1000,14,""WQS"",-112.126869189812,2.57997048527671,1,1.00354516856598"
"5000,14,""Lasso_min"",1.10521792831525,0.679481722505961,0.8,0.99263690299167"
"5000,14,""Lasso_1se"",1.07610704133942,3.95587414114578,0.8,1.00070688161761"
"5000,14,""AdaptLasso_min"",1.11102852642163,0.927335547362045,1,0.992620599184612"
"5000,14,""AdaptLasso_1se"",1.09895606657641,0.719790789000356,1,0.997832686459432"
"5000,14,""Elastic_Net_min"",1.10421952516792,0.658501956958084,0.8,0.992636724215788"
"5000,14,""Elastic_Net_1se"",1.07916282527626,3.26898140602923,0.8,0.998048916755715"
"5000,14,""WQS"",-138.560770764602,1.01488131758155,1,1.01386472049455"
"100,15,""Lasso_min"",-16.1659090053876,11.0697828731862,0,0.950792938776665"
"100,15,""Lasso_1se"",-13.2570964985066,19.6331210436858,1,1.06960918014986"
"100,15,""AdaptLasso_min"",-16.7604772626132,10.8383853096053,0.8,1.04416392047219"
"100,15,""AdaptLasso_1se"",-16.4052115083677,16.8741904773946,1,1.09077950582346"
"100,15,""Elastic_Net_min"",-16.1134435099789,10.9412540845436,0,0.951679523252807"
"100,15,""Elastic_Net_1se"",-12.5857721154884,20.8476452956456,0.8,1.07430587875075"
"100,15,""WQS"",-119.96167983722,8.71631848205372,1,1.0505725014769"
"500,15,""Lasso_min"",0.0205171589860137,3.93385896645221,0.8,0.956055939383658"
"500,15,""Lasso_1se"",-0.316458226963048,11.7031356196138,0.8,0.985242102491306"
"500,15,""AdaptLasso_min"",0.11507223913475,3.05198410963909,0.8,0.955371760798397"
"500,15,""AdaptLasso_1se"",0.0268217354437057,5.26788040046603,1,0.981560498455813"
"500,15,""Elastic_Net_min"",0.0155102657842125,3.9534723179363,0.6,0.9557312644587"
"500,15,""Elastic_Net_1se"",-0.284102235807379,10.2981736788535,0.8,0.975243618283814"
"500,15,""WQS"",-119.553382577111,2.8110819581611,1,0.971393415362983"
"1000,15,""Lasso_min"",-0.331761302414042,2.62020347242202,0.6,0.990526575995261"
"1000,15,""Lasso_1se"",-0.831139664608116,7.96053582137229,0.4,1.01093469028823"
"1000,15,""AdaptLasso_min"",-0.207639692342662,2.53712142092484,0.8,0.990485456987423"
"1000,15,""AdaptLasso_1se"",0.503573797806912,2.90997516955061,1,1.01310085646727"
"1000,15,""Elastic_Net_min"",-0.338149802952872,2.61235508892123,0.6,0.990494427978258"
"1000,15,""Elastic_Net_1se"",-1.06695909037119,9.83960572660134,0.4,1.01851346955751"
"1000,15,""WQS"",-112.126869189812,2.57997048527671,1,1.00354516856598"
"5000,15,""Lasso_min"",1.10521792831525,0.679481722505961,0.8,0.99263690299167"
"5000,15,""Lasso_1se"",1.07610704133942,3.95587414114578,0.8,1.00070688161761"
"5000,15,""AdaptLasso_min"",1.11102852642163,0.927335547362045,1,0.992620599184612"
"5000,15,""AdaptLasso_1se"",1.09895606657641,0.719790789000356,1,0.997832686459432"
"5000,15,""Elastic_Net_min"",1.10421952516792,0.658501956958084,0.8,0.992636724215788"
"5000,15,""Elastic_Net_1se"",1.07916282527626,3.26898140602923,0.8,0.998048916755715"
"5000,15,""WQS"",-138.560770764602,1.01488131758155,1,1.01386472049455"
"100,16,""Lasso_min"",-16.1659090053876,11.0697828731862,0,0.950792938776665"
"100,16,""Lasso_1se"",-13.2570964985066,19.6331210436858,1,1.06960918014986"
"100,16,""AdaptLasso_min"",-16.7604772626132,10.8383853096053,0.8,1.04416392047219"
"100,16,""AdaptLasso_1se"",-16.4052115083677,16.8741904773946,1,1.09077950582346"
"100,16,""Elastic_Net_min"",-16.1134435099789,10.9412540845436,0,0.951679523252807"
"100,16,""Elastic_Net_1se"",-12.5857721154884,20.8476452956456,0.8,1.07430587875075"
"100,16,""WQS"",-119.96167983722,8.71631848205372,1,1.0505725014769"
"500,16,""Lasso_min"",0.0205171589860137,3.93385896645221,0.8,0.956055939383658"
"500,16,""Lasso_1se"",-0.316458226963048,11.7031356196138,0.8,0.985242102491306"
"500,16,""AdaptLasso_min"",0.11507223913475,3.05198410963909,0.8,0.955371760798397"
"500,16,""AdaptLasso_1se"",0.0268217354437057,5.26788040046603,1,0.981560498455813"
"500,16,""Elastic_Net_min"",0.0155102657842125,3.9534723179363,0.6,0.9557312644587"
"500,16,""Elastic_Net_1se"",-0.284102235807379,10.2981736788535,0.8,0.975243618283814"
"500,16,""WQS"",-119.553382577111,2.8110819581611,1,0.971393415362983"
"1000,16,""Lasso_min"",-0.331761302414042,2.62020347242202,0.6,0.990526575995261"
"1000,16,""Lasso_1se"",-0.831139664608116,7.96053582137229,0.4,1.01093469028823"
"1000,16,""AdaptLasso_min"",-0.207639692342662,2.53712142092484,0.8,0.990485456987423"
"1000,16,""AdaptLasso_1se"",0.503573797806912,2.90997516955061,1,1.01310085646727"
"1000,16,""Elastic_Net_min"",-0.338149802952872,2.61235508892123,0.6,0.990494427978258"
"1000,16,""Elastic_Net_1se"",-1.06695909037119,9.83960572660134,0.4,1.01851346955751"
"1000,16,""WQS"",-112.126869189812,2.57997048527671,1,1.00354516856598"
"5000,16,""Lasso_min"",1.10521792831525,0.679481722505961,0.8,0.99263690299167"
"5000,16,""Lasso_1se"",1.07610704133942,3.95587414114578,0.8,1.00070688161761"
"5000,16,""AdaptLasso_min"",1.11102852642163,0.927335547362045,1,0.992620599184612"
"5000,16,""AdaptLasso_1se"",1.09895606657641,0.719790789000356,1,0.997832686459432"
"5000,16,""Elastic_Net_min"",1.10421952516792,0.658501956958084,0.8,0.992636724215788"
"5000,16,""Elastic_Net_1se"",1.07916282527626,3.26898140602923,0.8,0.998048916755715"
"5000,16,""WQS"",-138.560770764602,1.01488131758155,1,1.01386472049455"
"100,17,""Lasso_min"",-16.1659090053876,11.0697828731862,0,0.950792938776665"
"100,17,""Lasso_1se"",-13.2570964985066,19.6331210436858,1,1.06960918014986"
"100,17,""AdaptLasso_min"",-16.7604772626132,10.8383853096053,0.8,1.04416392047219"
"100,17,""AdaptLasso_1se"",-16.4052115083677,16.8741904773946,1,1.09077950582346"
"100,17,""Elastic_Net_min"",-16.1134435099789,10.9412540845436,0,0.951679523252807"
"100,17,""Elastic_Net_1se"",-12.5857721154884,20.8476452956456,0.8,1.07430587875075"
"100,17,""WQS"",-119.96167983722,8.71631848205372,1,1.0505725014769"
"500,17,""Lasso_min"",0.0205171589860137,3.93385896645221,0.8,0.956055939383658"
"500,17,""Lasso_1se"",-0.316458226963048,11.7031356196138,0.8,0.985242102491306"
"500,17,""AdaptLasso_min"",0.11507223913475,3.05198410963909,0.8,0.955371760798397"
"500,17,""AdaptLasso_1se"",0.0268217354437057,5.26788040046603,1,0.981560498455813"
"500,17,""Elastic_Net_min"",0.0155102657842125,3.9534723179363,0.6,0.9557312644587"
"500,17,""Elastic_Net_1se"",-0.284102235807379,10.2981736788535,0.8,0.975243618283814"
"500,17,""WQS"",-119.553382577111,2.8110819581611,1,0.971393415362983"
"1000,17,""Lasso_min"",-0.331761302414042,2.62020347242202,0.6,0.990526575995261"
"1000,17,""Lasso_1se"",-0.831139664608116,7.96053582137229,0.4,1.01093469028823"
"1000,17,""AdaptLasso_min"",-0.207639692342662,2.53712142092484,0.8,0.990485456987423"
"1000,17,""AdaptLasso_1se"",0.503573797806912,2.90997516955061,1,1.01310085646727"
"1000,17,""Elastic_Net_min"",-0.338149802952872,2.61235508892123,0.6,0.990494427978258"
"1000,17,""Elastic_Net_1se"",-1.06695909037119,9.83960572660134,0.4,1.01851346955751"
"1000,17,""WQS"",-112.126869189812,2.57997048527671,1,1.00354516856598"
"5000,17,""Lasso_min"",1.10521792831525,0.679481722505961,0.8,0.99263690299167"
"5000,17,""Lasso_1se"",1.07610704133942,3.95587414114578,0.8,1.00070688161761"
"5000,17,""AdaptLasso_min"",1.11102852642163,0.927335547362045,1,0.992620599184612"
"5000,17,""AdaptLasso_1se"",1.09895606657641,0.719790789000356,1,0.997832686459432"
"5000,17,""Elastic_Net_min"",1.10421952516792,0.658501956958084,0.8,0.992636724215788"
"5000,17,""Elastic_Net_1se"",1.07916282527626,3.26898140602923,0.8,0.998048916755715"
"5000,17,""WQS"",-138.560770764602,1.01488131758155,1,1.01386472049455"
"100,18,""Lasso_min"",-16.1659090053876,11.0697828731862,0,0.950792938776665"
"100,18,""Lasso_1se"",-13.2570964985066,19.6331210436858,1,1.06960918014986"
"100,18,""AdaptLasso_min"",-16.7604772626132,10.8383853096053,0.8,1.04416392047219"
"100,18,""AdaptLasso_1se"",-16.4052115083677,16.8741904773946,1,1.09077950582346"
"100,18,""Elastic_Net_min"",-16.1134435099789,10.9412540845436,0,0.951679523252807"
"100,18,""Elastic_Net_1se"",-12.5857721154884,20.8476452956456,0.8,1.07430587875075"
"100,18,""WQS"",-119.96167983722,8.71631848205372,1,1.0505725014769"
"500,18,""Lasso_min"",0.0205171589860137,3.93385896645221,0.8,0.956055939383658"
"500,18,""Lasso_1se"",-0.316458226963048,11.7031356196138,0.8,0.985242102491306"
"500,18,""AdaptLasso_min"",0.11507223913475,3.05198410963909,0.8,0.955371760798397"
"500,18,""AdaptLasso_1se"",0.0268217354437057,5.26788040046603,1,0.981560498455813"
"500,18,""Elastic_Net_min"",0.0155102657842125,3.9534723179363,0.6,0.9557312644587"
"500,18,""Elastic_Net_1se"",-0.284102235807379,10.2981736788535,0.8,0.975243618283814"
"500,18,""WQS"",-119.553382577111,2.8110819581611,1,0.971393415362983"
"1000,18,""Lasso_min"",-0.331761302414042,2.62020347242202,0.6,0.990526575995261"
"1000,18,""Lasso_1se"",-0.831139664608116,7.96053582137229,0.4,1.01093469028823"
"1000,18,""AdaptLasso_min"",-0.207639692342662,2.53712142092484,0.8,0.990485456987423"
"1000,18,""AdaptLasso_1se"",0.503573797806912,2.90997516955061,1,1.01310085646727"
"1000,18,""Elastic_Net_min"",-0.338149802952872,2.61235508892123,0.6,0.990494427978258"
"1000,18,""Elastic_Net_1se"",-1.06695909037119,9.83960572660134,0.4,1.01851346955751"
"1000,18,""WQS"",-112.126869189812,2.57997048527671,1,1.00354516856598"
"5000,18,""Lasso_min"",1.10521792831525,0.679481722505961,0.8,0.99263690299167"
"5000,18,""Lasso_1se"",1.07610704133942,3.95587414114578,0.8,1.00070688161761"
"5000,18,""AdaptLasso_min"",1.11102852642163,0.927335547362045,1,0.992620599184612"
"5000,18,""AdaptLasso_1se"",1.09895606657641,0.719790789000356,1,0.997832686459432"
"5000,18,""Elastic_Net_min"",1.10421952516792,0.658501956958084,0.8,0.992636724215788"
"5000,18,""Elastic_Net_1se"",1.07916282527626,3.26898140602923,0.8,0.998048916755715"
"5000,18,""WQS"",-138.560770764602,1.01488131758155,1,1.01386472049455"
"100,19,""Lasso_min"",-16.1659090053876,11.0697828731862,0,0.950792938776665"
"100,19,""Lasso_1se"",-13.2570964985066,19.6331210436858,1,1.06960918014986"
"100,19,""AdaptLasso_min"",-16.7604772626132,10.8383853096053,0.8,1.04416392047219"
"100,19,""AdaptLasso_1se"",-16.4052115083677,16.8741904773946,1,1.09077950582346"
"100,19,""Elastic_Net_min"",-16.1134435099789,10.9412540845436,0,0.951679523252807"
"100,19,""Elastic_Net_1se"",-12.5857721154884,20.8476452956456,0.8,1.07430587875075"
"100,19,""WQS"",-119.96167983722,8.71631848205372,1,1.0505725014769"
"500,19,""Lasso_min"",0.0205171589860137,3.93385896645221,0.8,0.956055939383658"
"500,19,""Lasso_1se"",-0.316458226963048,11.7031356196138,0.8,0.985242102491306"
"500,19,""AdaptLasso_min"",0.11507223913475,3.05198410963909,0.8,0.955371760798397"
"500,19,""AdaptLasso_1se"",0.0268217354437057,5.26788040046603,1,0.981560498455813"
"500,19,""Elastic_Net_min"",0.0155102657842125,3.9534723179363,0.6,0.9557312644587"
"500,19,""Elastic_Net_1se"",-0.284102235807379,10.2981736788535,0.8,0.975243618283814"
"500,19,""WQS"",-119.553382577111,2.8110819581611,1,0.971393415362983"
"1000,19,""Lasso_min"",-0.331761302414042,2.62020347242202,0.6,0.990526575995261"
"1000,19,""Lasso_1se"",-0.831139664608116,7.96053582137229,0.4,1.01093469028823"
"1000,19,""AdaptLasso_min"",-0.207639692342662,2.53712142092484,0.8,0.990485456987423"
"1000,19,""AdaptLasso_1se"",0.503573797806912,2.90997516955061,1,1.01310085646727"
"1000,19,""Elastic_Net_min"",-0.338149802952872,2.61235508892123,0.6,0.990494427978258"
"1000,19,""Elastic_Net_1se"",-1.06695909037119,9.83960572660134,0.4,1.01851346955751"
"1000,19,""WQS"",-112.126869189812,2.57997048527671,1,1.00354516856598"
"5000,19,""Lasso_min"",1.10521792831525,0.679481722505961,0.8,0.99263690299167"
"5000,19,""Lasso_1se"",1.07610704133942,3.95587414114578,0.8,1.00070688161761"
"5000,19,""AdaptLasso_min"",1.11102852642163,0.927335547362045,1,0.992620599184612"
"5000,19,""AdaptLasso_1se"",1.09895606657641,0.719790789000356,1,0.997832686459432"
"5000,19,""Elastic_Net_min"",1.10421952516792,0.658501956958084,0.8,0.992636724215788"
"5000,19,""Elastic_Net_1se"",1.07916282527626,3.26898140602923,0.8,0.998048916755715"
"5000,19,""WQS"",-138.560770764602,1.01488131758155,1,1.01386472049455"
"100,20,""Lasso_min"",-16.1659090053876,11.0697828731862,0,0.950792938776665"
"100,20,""Lasso_1se"",-13.2570964985066,19.6331210436858,1,1.06960918014986"
"100,20,""AdaptLasso_min"",-16.7604772626132,10.8383853096053,0.8,1.04416392047219"
"100,20,""AdaptLasso_1se"",-16.4052115083677,16.8741904773946,1,1.09077950582346"
"100,20,""Elastic_Net_min"",-16.1134435099789,10.9412540845436,0,0.951679523252807"
"100,20,""Elastic_Net_1se"",-12.5857721154884,20.8476452956456,0.8,1.07430587875075"
"100,20,""WQS"",-119.96167983722,8.71631848205372,1,1.0505725014769"
"500,20,""Lasso_min"",0.0205171589860137,3.93385896645221,0.8,0.956055939383658"
"500,20,""Lasso_1se"",-0.316458226963048,11.7031356196138,0.8,0.985242102491306"
"500,20,""AdaptLasso_min"",0.11507223913475,3.05198410963909,0.8,0.955371760798397"
"500,20,""AdaptLasso_1se"",0.0268217354437057,5.26788040046603,1,0.981560498455813"
"500,20,""Elastic_Net_min"",0.0155102657842125,3.9534723179363,0.6,0.9557312644587"
"500,20,""Elastic_Net_1se"",-0.284102235807379,10.2981736788535,0.8,0.975243618283814"
"500,20,""WQS"",-119.553382577111,2.8110819581611,1,0.971393415362983"
"1000,20,""Lasso_min"",-0.331761302414042,2.62020347242202,0.6,0.990526575995261"
"1000,20,""Lasso_1se"",-0.831139664608116,7.96053582137229,0.4,1.01093469028823"
"1000,20,""AdaptLasso_min"",-0.207639692342662,2.53712142092484,0.8,0.990485456987423"
"1000,20,""AdaptLasso_1se"",0.503573797806912,2.90997516955061,1,1.01310085646727"
"1000,20,""Elastic_Net_min"",-0.338149802952872,2.61235508892123,0.6,0.990494427978258"
"1000,20,""Elastic_Net_1se"",-1.06695909037119,9.83960572660134,0.4,1.01851346955751"
"1000,20,""WQS"",-112.126869189812,2.57997048527671,1,1.00354516856598"
"5000,20,""Lasso_min"",1.10521792831525,0.679481722505961,0.8,0.99263690299167"
"5000,20,""Lasso_1se"",1.07610704133942,3.95587414114578,0.8,1.00070688161761"
"5000,20,""AdaptLasso_min"",1.11102852642163,0.927335547362045,1,0.992620599184612"
"5000,20,""AdaptLasso_1se"",1.09895606657641,0.719790789000356,1,0.997832686459432"
"5000,20,""Elastic_Net_min"",1.10421952516792,0.658501956958084,0.8,0.992636724215788"
"5000,20,""Elastic_Net_1se"",1.07916282527626,3.26898140602923,0.8,0.998048916755715"
"5000,20,""WQS"",-138.560770764602,1.01488131758155,1,1.01386472049455"
"100,21,""Lasso_min"",-16.1659090053876,11.0697828731862,0,0.950792938776665"
"100,21,""Lasso_1se"",-13.2570964985066,19.6331210436858,1,1.06960918014986"
"100,21,""AdaptLasso_min"",-16.7604772626132,10.8383853096053,0.8,1.04416392047219"
"100,21,""AdaptLasso_1se"",-16.4052115083677,16.8741904773946,1,1.09077950582346"
"100,21,""Elastic_Net_min"",-16.1134435099789,10.9412540845436,0,0.951679523252807"
"100,21,""Elastic_Net_1se"",-12.5857721154884,20.8476452956456,0.8,1.07430587875075"
"100,21,""WQS"",-119.96167983722,8.71631848205372,1,1.0505725014769"
"500,21,""Lasso_min"",0.0205171589860137,3.93385896645221,0.8,0.956055939383658"
"500,21,""Lasso_1se"",-0.316458226963048,11.7031356196138,0.8,0.985242102491306"
"500,21,""AdaptLasso_min"",0.11507223913475,3.05198410963909,0.8,0.955371760798397"
"500,21,""AdaptLasso_1se"",0.0268217354437057,5.26788040046603,1,0.981560498455813"
"500,21,""Elastic_Net_min"",0.0155102657842125,3.9534723179363,0.6,0.9557312644587"
"500,21,""Elastic_Net_1se"",-0.284102235807379,10.2981736788535,0.8,0.975243618283814"
"500,21,""WQS"",-119.553382577111,2.8110819581611,1,0.971393415362983"
"1000,21,""Lasso_min"",-0.331761302414042,2.62020347242202,0.6,0.990526575995261"
"1000,21,""Lasso_1se"",-0.831139664608116,7.96053582137229,0.4,1.01093469028823"
"1000,21,""AdaptLasso_min"",-0.207639692342662,2.53712142092484,0.8,0.990485456987423"
"1000,21,""AdaptLasso_1se"",0.503573797806912,2.90997516955061,1,1.01310085646727"
"1000,21,""Elastic_Net_min"",-0.338149802952872,2.61235508892123,0.6,0.990494427978258"
"1000,21,""Elastic_Net_1se"",-1.06695909037119,9.83960572660134,0.4,1.01851346955751"
"1000,21,""WQS"",-112.126869189812,2.57997048527671,1,1.00354516856598"
"5000,21,""Lasso_min"",1.10521792831525,0.679481722505961,0.8,0.99263690299167"
"5000,21,""Lasso_1se"",1.07610704133942,3.95587414114578,0.8,1.00070688161761"
"5000,21,""AdaptLasso_min"",1.11102852642163,0.927335547362045,1,0.992620599184612"
"5000,21,""AdaptLasso_1se"",1.09895606657641,0.719790789000356,1,0.997832686459432"
"5000,21,""Elastic_Net_min"",1.10421952516792,0.658501956958084,0.8,0.992636724215788"
"5000,21,""Elastic_Net_1se"",1.07916282527626,3.26898140602923,0.8,0.998048916755715"
"5000,21,""WQS"",-138.560770764602,1.01488131758155,1,1.01386472049455"
"100,22,""Lasso_min"",-16.1659090053876,11.0697828731862,0,0.950792938776665"
"100,22,""Lasso_1se"",-13.2570964985066,19.6331210436858,1,1.06960918014986"
"100,22,""AdaptLasso_min"",-16.7604772626132,10.8383853096053,0.8,1.04416392047219"
"100,22,""AdaptLasso_1se"",-16.4052115083677,16.8741904773946,1,1.09077950582346"
"100,22,""Elastic_Net_min"",-16.1134435099789,10.9412540845436,0,0.951679523252807"
"100,22,""Elastic_Net_1se"",-12.5857721154884,20.8476452956456,0.8,1.07430587875075"
"100,22,""WQS"",-119.96167983722,8.71631848205372,1,1.0505725014769"
"500,22,""Lasso_min"",0.0205171589860137,3.93385896645221,0.8,0.956055939383658"
"500,22,""Lasso_1se"",-0.316458226963048,11.7031356196138,0.8,0.985242102491306"
"500,22,""AdaptLasso_min"",0.11507223913475,3.05198410963909,0.8,0.955371760798397"
"500,22,""AdaptLasso_1se"",0.0268217354437057,5.26788040046603,1,0.981560498455813"
"500,22,""Elastic_Net_min"",0.0155102657842125,3.9534723179363,0.6,0.9557312644587"
"500,22,""Elastic_Net_1se"",-0.284102235807379,10.2981736788535,0.8,0.975243618283814"
"500,22,""WQS"",-119.553382577111,2.8110819581611,1,0.971393415362983"
"1000,22,""Lasso_min"",-0.331761302414042,2.62020347242202,0.6,0.990526575995261"
"1000,22,""Lasso_1se"",-0.831139664608116,7.96053582137229,0.4,1.01093469028823"
"1000,22,""AdaptLasso_min"",-0.207639692342662,2.53712142092484,0.8,0.990485456987423"
"1000,22,""AdaptLasso_1se"",0.503573797806912,2.90997516955061,1,1.01310085646727"
"1000,22,""Elastic_Net_min"",-0.338149802952872,2.61235508892123,0.6,0.990494427978258"
"1000,22,""Elastic_Net_1se"",-1.06695909037119,9.83960572660134,0.4,1.01851346955751"
"1000,22,""WQS"",-112.126869189812,2.57997048527671,1,1.00354516856598"
"5000,22,""Lasso_min"",1.10521792831525,0.679481722505961,0.8,0.99263690299167"
"5000,22,""Lasso_1se"",1.07610704133942,3.95587414114578,0.8,1.00070688161761"
"5000,22,""AdaptLasso_min"",1.11102852642163,0.927335547362045,1,0.992620599184612"
"5000,22,""AdaptLasso_1se"",1.09895606657641,0.719790789000356,1,0.997832686459432"
"5000,22,""Elastic_Net_min"",1.10421952516792,0.658501956958084,0.8,0.992636724215788"
"5000,22,""Elastic_Net_1se"",1.07916282527626,3.26898140602923,0.8,0.998048916755715"
"5000,22,""WQS"",-138.560770764602,1.01488131758155,1,1.01386472049455"
"100,23,""Lasso_min"",-16.1659090053876,11.0697828731862,0,0.950792938776665"
"100,23,""Lasso_1se"",-13.2570964985066,19.6331210436858,1,1.06960918014986"
"100,23,""AdaptLasso_min"",-16.7604772626132,10.8383853096053,0.8,1.04416392047219"
"100,23,""AdaptLasso_1se"",-16.4052115083677,16.8741904773946,1,1.09077950582346"
"100,23,""Elastic_Net_min"",-16.1134435099789,10.9412540845436,0,0.951679523252807"
"100,23,""Elastic_Net_1se"",-12.5857721154884,20.8476452956456,0.8,1.07430587875075"
"100,23,""WQS"",-119.96167983722,8.71631848205372,1,1.0505725014769"
"500,23,""Lasso_min"",0.0205171589860137,3.93385896645221,0.8,0.956055939383658"
"500,23,""Lasso_1se"",-0.316458226963048,11.7031356196138,0.8,0.985242102491306"
"500,23,""AdaptLasso_min"",0.11507223913475,3.05198410963909,0.8,0.955371760798397"
"500,23,""AdaptLasso_1se"",0.0268217354437057,5.26788040046603,1,0.981560498455813"
"500,23,""Elastic_Net_min"",0.0155102657842125,3.9534723179363,0.6,0.9557312644587"
"500,23,""Elastic_Net_1se"",-0.284102235807379,10.2981736788535,0.8,0.975243618283814"
"500,23,""WQS"",-119.553382577111,2.8110819581611,1,0.971393415362983"
"1000,23,""Lasso_min"",-0.331761302414042,2.62020347242202,0.6,0.990526575995261"
"1000,23,""Lasso_1se"",-0.831139664608116,7.96053582137229,0.4,1.01093469028823"
"1000,23,""AdaptLasso_min"",-0.207639692342662,2.53712142092484,0.8,0.990485456987423"
"1000,23,""AdaptLasso_1se"",0.503573797806912,2.90997516955061,1,1.01310085646727"
"1000,23,""Elastic_Net_min"",-0.338149802952872,2.61235508892123,0.6,0.990494427978258"
"1000,23,""Elastic_Net_1se"",-1.06695909037119,9.83960572660134,0.4,1.01851346955751"
"1000,23,""WQS"",-112.126869189812,2.57997048527671,1,1.00354516856598"
"5000,23,""Lasso_min"",1.10521792831525,0.679481722505961,0.8,0.99263690299167"
"5000,23,""Lasso_1se"",1.07610704133942,3.95587414114578,0.8,1.00070688161761"
"5000,23,""AdaptLasso_min"",1.11102852642163,0.927335547362045,1,0.992620599184612"
"5000,23,""AdaptLasso_1se"",1.09895606657641,0.719790789000356,1,0.997832686459432"
"5000,23,""Elastic_Net_min"",1.10421952516792,0.658501956958084,0.8,0.992636724215788"
"5000,23,""Elastic_Net_1se"",1.07916282527626,3.26898140602923,0.8,0.998048916755715"
"5000,23,""WQS"",-138.560770764602,1.01488131758155,1,1.01386472049455"
"100,24,""Lasso_min"",-16.1659090053876,11.0697828731862,0,0.950792938776665"
"100,24,""Lasso_1se"",-13.2570964985066,19.6331210436858,1,1.06960918014986"
"100,24,""AdaptLasso_min"",-16.7604772626132,10.8383853096053,0.8,1.04416392047219"
"100,24,""AdaptLasso_1se"",-16.4052115083677,16.8741904773946,1,1.09077950582346"
"100,24,""Elastic_Net_min"",-16.1134435099789,10.9412540845436,0,0.951679523252807"
"100,24,""Elastic_Net_1se"",-12.5857721154884,20.8476452956456,0.8,1.07430587875075"
"100,24,""WQS"",-119.96167983722,8.71631848205372,1,1.0505725014769"
"500,24,""Lasso_min"",0.0205171589860137,3.93385896645221,0.8,0.956055939383658"
"500,24,""Lasso_1se"",-0.316458226963048,11.7031356196138,0.8,0.985242102491306"
"500,24,""AdaptLasso_min"",0.11507223913475,3.05198410963909,0.8,0.955371760798397"
"500,24,""AdaptLasso_1se"",0.0268217354437057,5.26788040046603,1,0.981560498455813"
"500,24,""Elastic_Net_min"",0.0155102657842125,3.9534723179363,0.6,0.9557312644587"
"500,24,""Elastic_Net_1se"",-0.284102235807379,10.2981736788535,0.8,0.975243618283814"
"500,24,""WQS"",-119.553382577111,2.8110819581611,1,0.971393415362983"
"1000,24,""Lasso_min"",-0.331761302414042,2.62020347242202,0.6,0.990526575995261"
"1000,24,""Lasso_1se"",-0.831139664608116,7.96053582137229,0.4,1.01093469028823"
"1000,24,""AdaptLasso_min"",-0.207639692342662,2.53712142092484,0.8,0.990485456987423"
"1000,24,""AdaptLasso_1se"",0.503573797806912,2.90997516955061,1,1.01310085646727"
"1000,24,""Elastic_Net_min"",-0.338149802952872,2.61235508892123,0.6,0.990494427978258"
"1000,24,""Elastic_Net_1se"",-1.06695909037119,9.83960572660134,0.4,1.01851346955751"
"1000,24,""WQS"",-112.126869189812,2.57997048527671,1,1.00354516856598"
"5000,24,""Lasso_min"",1.10521792831525,0.679481722505961,0.8,0.99263690299167"
"5000,24,""Lasso_1se"",1.07610704133942,3.95587414114578,0.8,1.00070688161761"
"5000,24,""AdaptLasso_min"",1.11102852642163,0.927335547362045,1,0.992620599184612"
"5000,24,""AdaptLasso_1se"",1.09895606657641,0.719790789000356,1,0.997832686459432"
"5000,24,""Elastic_Net_min"",1.10421952516792,0.658501956958084,0.8,0.992636724215788"
"5000,24,""Elastic_Net_1se"",1.07916282527626,3.26898140602923,0.8,0.998048916755715"
"5000,24,""WQS"",-138.560770764602,1.01488131758155,1,1.01386472049455"
"100,25,""Lasso_min"",-16.1659090053876,11.0697828731862,0,0.950792938776665"
"100,25,""Lasso_1se"",-13.2570964985066,19.6331210436858,1,1.06960918014986"
"100,25,""AdaptLasso_min"",-16.7604772626132,10.8383853096053,0.8,1.04416392047219"
"100,25,""AdaptLasso_1se"",-16.4052115083677,16.8741904773946,1,1.09077950582346"
"100,25,""Elastic_Net_min"",-16.1134435099789,10.9412540845436,0,0.951679523252807"
"100,25,""Elastic_Net_1se"",-12.5857721154884,20.8476452956456,0.8,1.07430587875075"
"100,25,""WQS"",-119.96167983722,8.71631848205372,1,1.0505725014769"
"500,25,""Lasso_min"",0.0205171589860137,3.93385896645221,0.8,0.956055939383658"
"500,25,""Lasso_1se"",-0.316458226963048,11.7031356196138,0.8,0.985242102491306"
"500,25,""AdaptLasso_min"",0.11507223913475,3.05198410963909,0.8,0.955371760798397"
"500,25,""AdaptLasso_1se"",0.0268217354437057,5.26788040046603,1,0.981560498455813"
"500,25,""Elastic_Net_min"",0.0155102657842125,3.9534723179363,0.6,0.9557312644587"
"500,25,""Elastic_Net_1se"",-0.284102235807379,10.2981736788535,0.8,0.975243618283814"
"500,25,""WQS"",-119.553382577111,2.8110819581611,1,0.971393415362983"
"1000,25,""Lasso_min"",-0.331761302414042,2.62020347242202,0.6,0.990526575995261"
"1000,25,""Lasso_1se"",-0.831139664608116,7.96053582137229,0.4,1.01093469028823"
"1000,25,""AdaptLasso_min"",-0.207639692342662,2.53712142092484,0.8,0.990485456987423"
"1000,25,""AdaptLasso_1se"",0.503573797806912,2.90997516955061,1,1.01310085646727"
"1000,25,""Elastic_Net_min"",-0.338149802952872,2.61235508892123,0.6,0.990494427978258"
"1000,25,""Elastic_Net_1se"",-1.06695909037119,9.83960572660134,0.4,1.01851346955751"
"1000,25,""WQS"",-112.126869189812,2.57997048527671,1,1.00354516856598"
"5000,25,""Lasso_min"",1.10521792831525,0.679481722505961,0.8,0.99263690299167"
"5000,25,""Lasso_1se"",1.07610704133942,3.95587414114578,0.8,1.00070688161761"
"5000,25,""AdaptLasso_min"",1.11102852642163,0.927335547362045,1,0.992620599184612"
"5000,25,""AdaptLasso_1se"",1.09895606657641,0.719790789000356,1,0.997832686459432"
"5000,25,""Elastic_Net_min"",1.10421952516792,0.658501956958084,0.8,0.992636724215788"
"5000,25,""Elastic_Net_1se"",1.07916282527626,3.26898140602923,0.8,0.998048916755715"
"5000,25,""WQS"",-138.560770764602,1.01488131758155,1,1.01386472049455"
"100,26,""Lasso_min"",-16.1659090053876,11.0697828731862,0,0.950792938776665"
"100,26,""Lasso_1se"",-13.2570964985066,19.6331210436858,1,1.06960918014986"
"100,26,""AdaptLasso_min"",-16.7604772626132,10.8383853096053,0.8,1.04416392047219"
"100,26,""AdaptLasso_1se"",-16.4052115083677,16.8741904773946,1,1.09077950582346"
"100,26,""Elastic_Net_min"",-16.1134435099789,10.9412540845436,0,0.951679523252807"
"100,26,""Elastic_Net_1se"",-12.5857721154884,20.8476452956456,0.8,1.07430587875075"
"100,26,""WQS"",-119.96167983722,8.71631848205372,1,1.0505725014769"
"500,26,""Lasso_min"",0.0205171589860137,3.93385896645221,0.8,0.956055939383658"
"500,26,""Lasso_1se"",-0.316458226963048,11.7031356196138,0.8,0.985242102491306"
"500,26,""AdaptLasso_min"",0.11507223913475,3.05198410963909,0.8,0.955371760798397"
"500,26,""AdaptLasso_1se"",0.0268217354437057,5.26788040046603,1,0.981560498455813"
"500,26,""Elastic_Net_min"",0.0155102657842125,3.9534723179363,0.6,0.9557312644587"
"500,26,""Elastic_Net_1se"",-0.284102235807379,10.2981736788535,0.8,0.975243618283814"
"500,26,""WQS"",-119.553382577111,2.8110819581611,1,0.971393415362983"
"1000,26,""Lasso_min"",-0.331761302414042,2.62020347242202,0.6,0.990526575995261"
"1000,26,""Lasso_1se"",-0.831139664608116,7.96053582137229,0.4,1.01093469028823"
"1000,26,""AdaptLasso_min"",-0.207639692342662,2.53712142092484,0.8,0.990485456987423"
"1000,26,""AdaptLasso_1se"",0.503573797806912,2.90997516955061,1,1.01310085646727"
"1000,26,""Elastic_Net_min"",-0.338149802952872,2.61235508892123,0.6,0.990494427978258"
"1000,26,""Elastic_Net_1se"",-1.06695909037119,9.83960572660134,0.4,1.01851346955751"
"1000,26,""WQS"",-112.126869189812,2.57997048527671,1,1.00354516856598"
"5000,26,""Lasso_min"",1.10521792831525,0.679481722505961,0.8,0.99263690299167"
"5000,26,""Lasso_1se"",1.07610704133942,3.95587414114578,0.8,1.00070688161761"
"5000,26,""AdaptLasso_min"",1.11102852642163,0.927335547362045,1,0.992620599184612"
"5000,26,""AdaptLasso_1se"",1.09895606657641,0.719790789000356,1,0.997832686459432"
"5000,26,""Elastic_Net_min"",1.10421952516792,0.658501956958084,0.8,0.992636724215788"
"5000,26,""Elastic_Net_1se"",1.07916282527626,3.26898140602923,0.8,0.998048916755715"
"5000,26,""WQS"",-138.560770764602,1.01488131758155,1,1.01386472049455"
"100,27,""Lasso_min"",-16.1659090053876,11.0697828731862,0,0.950792938776665"
"100,27,""Lasso_1se"",-13.2570964985066,19.6331210436858,1,1.06960918014986"
"100,27,""AdaptLasso_min"",-16.7604772626132,10.8383853096053,0.8,1.04416392047219"
"100,27,""AdaptLasso_1se"",-16.4052115083677,16.8741904773946,1,1.09077950582346"
"100,27,""Elastic_Net_min"",-16.1134435099789,10.9412540845436,0,0.951679523252807"
"100,27,""Elastic_Net_1se"",-12.5857721154884,20.8476452956456,0.8,1.07430587875075"
"100,27,""WQS"",-119.96167983722,8.71631848205372,1,1.0505725014769"
"500,27,""Lasso_min"",0.0205171589860137,3.93385896645221,0.8,0.956055939383658"
"500,27,""Lasso_1se"",-0.316458226963048,11.7031356196138,0.8,0.985242102491306"
"500,27,""AdaptLasso_min"",0.11507223913475,3.05198410963909,0.8,0.955371760798397"
"500,27,""AdaptLasso_1se"",0.0268217354437057,5.26788040046603,1,0.981560498455813"
"500,27,""Elastic_Net_min"",0.0155102657842125,3.9534723179363,0.6,0.9557312644587"
"500,27,""Elastic_Net_1se"",-0.284102235807379,10.2981736788535,0.8,0.975243618283814"
"500,27,""WQS"",-119.553382577111,2.8110819581611,1,0.971393415362983"
"1000,27,""Lasso_min"",-0.331761302414042,2.62020347242202,0.6,0.990526575995261"
"1000,27,""Lasso_1se"",-0.831139664608116,7.96053582137229,0.4,1.01093469028823"
"1000,27,""AdaptLasso_min"",-0.207639692342662,2.53712142092484,0.8,0.990485456987423"
"1000,27,""AdaptLasso_1se"",0.503573797806912,2.90997516955061,1,1.01310085646727"
"1000,27,""Elastic_Net_min"",-0.338149802952872,2.61235508892123,0.6,0.990494427978258"
"1000,27,""Elastic_Net_1se"",-1.06695909037119,9.83960572660134,0.4,1.01851346955751"
"1000,27,""WQS"",-112.126869189812,2.57997048527671,1,1.00354516856598"
"5000,27,""Lasso_min"",1.10521792831525,0.679481722505961,0.8,0.99263690299167"
"5000,27,""Lasso_1se"",1.07610704133942,3.95587414114578,0.8,1.00070688161761"
"5000,27,""AdaptLasso_min"",1.11102852642163,0.927335547362045,1,0.992620599184612"
"5000,27,""AdaptLasso_1se"",1.09895606657641,0.719790789000356,1,0.997832686459432"
"5000,27,""Elastic_Net_min"",1.10421952516792,0.658501956958084,0.8,0.992636724215788"
"5000,27,""Elastic_Net_1se"",1.07916282527626,3.26898140602923,0.8,0.998048916755715"
"5000,27,""WQS"",-138.560770764602,1.01488131758155,1,1.01386472049455"
"100,28,""Lasso_min"",-16.1659090053876,11.0697828731862,0,0.950792938776665"
"100,28,""Lasso_1se"",-13.2570964985066,19.6331210436858,1,1.06960918014986"
"100,28,""AdaptLasso_min"",-16.7604772626132,10.8383853096053,0.8,1.04416392047219"
"100,28,""AdaptLasso_1se"",-16.4052115083677,16.8741904773946,1,1.09077950582346"
"100,28,""Elastic_Net_min"",-16.1134435099789,10.9412540845436,0,0.951679523252807"
"100,28,""Elastic_Net_1se"",-12.5857721154884,20.8476452956456,0.8,1.07430587875075"
"100,28,""WQS"",-119.96167983722,8.71631848205372,1,1.0505725014769"
"500,28,""Lasso_min"",0.0205171589860137,3.93385896645221,0.8,0.956055939383658"
"500,28,""Lasso_1se"",-0.316458226963048,11.7031356196138,0.8,0.985242102491306"
"500,28,""AdaptLasso_min"",0.11507223913475,3.05198410963909,0.8,0.955371760798397"
"500,28,""AdaptLasso_1se"",0.0268217354437057,5.26788040046603,1,0.981560498455813"
"500,28,""Elastic_Net_min"",0.0155102657842125,3.9534723179363,0.6,0.9557312644587"
"500,28,""Elastic_Net_1se"",-0.284102235807379,10.2981736788535,0.8,0.975243618283814"
"500,28,""WQS"",-119.553382577111,2.8110819581611,1,0.971393415362983"
"1000,28,""Lasso_min"",-0.331761302414042,2.62020347242202,0.6,0.990526575995261"
"1000,28,""Lasso_1se"",-0.831139664608116,7.96053582137229,0.4,1.01093469028823"
"1000,28,""AdaptLasso_min"",-0.207639692342662,2.53712142092484,0.8,0.990485456987423"
"1000,28,""AdaptLasso_1se"",0.503573797806912,2.90997516955061,1,1.01310085646727"
"1000,28,""Elastic_Net_min"",-0.338149802952872,2.61235508892123,0.6,0.990494427978258"
"1000,28,""Elastic_Net_1se"",-1.06695909037119,9.83960572660134,0.4,1.01851346955751"
"1000,28,""WQS"",-112.126869189812,2.57997048527671,1,1.00354516856598"
"5000,28,""Lasso_min"",1.10521792831525,0.679481722505961,0.8,0.99263690299167"
"5000,28,""Lasso_1se"",1.07610704133942,3.95587414114578,0.8,1.00070688161761"
"5000,28,""AdaptLasso_min"",1.11102852642163,0.927335547362045,1,0.992620599184612"
"5000,28,""AdaptLasso_1se"",1.09895606657641,0.719790789000356,1,0.997832686459432"
"5000,28,""Elastic_Net_min"",1.10421952516792,0.658501956958084,0.8,0.992636724215788"
"5000,28,""Elastic_Net_1se"",1.07916282527626,3.26898140602923,0.8,0.998048916755715"
"5000,28,""WQS"",-138.560770764602,1.01488131758155,1,1.01386472049455"
"100,29,""Lasso_min"",-16.1659090053876,11.0697828731862,0,0.950792938776665"
"100,29,""Lasso_1se"",-13.2570964985066,19.6331210436858,1,1.06960918014986"
"100,29,""AdaptLasso_min"",-16.7604772626132,10.8383853096053,0.8,1.04416392047219"
"100,29,""AdaptLasso_1se"",-16.4052115083677,16.8741904773946,1,1.09077950582346"
"100,29,""Elastic_Net_min"",-16.1134435099789,10.9412540845436,0,0.951679523252807"
"100,29,""Elastic_Net_1se"",-12.5857721154884,20.8476452956456,0.8,1.07430587875075"
"100,29,""WQS"",-119.96167983722,8.71631848205372,1,1.0505725014769"
"500,29,""Lasso_min"",0.0205171589860137,3.93385896645221,0.8,0.956055939383658"
"500,29,""Lasso_1se"",-0.316458226963048,11.7031356196138,0.8,0.985242102491306"
"500,29,""AdaptLasso_min"",0.11507223913475,3.05198410963909,0.8,0.955371760798397"
"500,29,""AdaptLasso_1se"",0.0268217354437057,5.26788040046603,1,0.981560498455813"
"500,29,""Elastic_Net_min"",0.0155102657842125,3.9534723179363,0.6,0.9557312644587"
"500,29,""Elastic_Net_1se"",-0.284102235807379,10.2981736788535,0.8,0.975243618283814"
"500,29,""WQS"",-119.553382577111,2.8110819581611,1,0.971393415362983"
"1000,29,""Lasso_min"",-0.331761302414042,2.62020347242202,0.6,0.990526575995261"
"1000,29,""Lasso_1se"",-0.831139664608116,7.96053582137229,0.4,1.01093469028823"
"1000,29,""AdaptLasso_min"",-0.207639692342662,2.53712142092484,0.8,0.990485456987423"
"1000,29,""AdaptLasso_1se"",0.503573797806912,2.90997516955061,1,1.01310085646727"
"1000,29,""Elastic_Net_min"",-0.338149802952872,2.61235508892123,0.6,0.990494427978258"
"1000,29,""Elastic_Net_1se"",-1.06695909037119,9.83960572660134,0.4,1.01851346955751"
"1000,29,""WQS"",-112.126869189812,2.57997048527671,1,1.00354516856598"
"5000,29,""Lasso_min"",1.10521792831525,0.679481722505961,0.8,0.99263690299167"
"5000,29,""Lasso_1se"",1.07610704133942,3.95587414114578,0.8,1.00070688161761"
"5000,29,""AdaptLasso_min"",1.11102852642163,0.927335547362045,1,0.992620599184612"
"5000,29,""AdaptLasso_1se"",1.09895606657641,0.719790789000356,1,0.997832686459432"
"5000,29,""Elastic_Net_min"",1.10421952516792,0.658501956958084,0.8,0.992636724215788"
"5000,29,""Elastic_Net_1se"",1.07916282527626,3.26898140602923,0.8,0.998048916755715"
"5000,29,""WQS"",-138.560770764602,1.01488131758155,1,1.01386472049455"
"100,30,""Lasso_min"",-16.1659090053876,11.0697828731862,0,0.950792938776665"
"100,30,""Lasso_1se"",-13.2570964985066,19.6331210436858,1,1.06960918014986"
"100,30,""AdaptLasso_min"",-16.7604772626132,10.8383853096053,0.8,1.04416392047219"
"100,30,""AdaptLasso_1se"",-16.4052115083677,16.8741904773946,1,1.09077950582346"
"100,30,""Elastic_Net_min"",-16.1134435099789,10.9412540845436,0,0.951679523252807"
"100,30,""Elastic_Net_1se"",-12.5857721154884,20.8476452956456,0.8,1.07430587875075"
"100,30,""WQS"",-119.96167983722,8.71631848205372,1,1.0505725014769"
"500,30,""Lasso_min"",0.0205171589860137,3.93385896645221,0.8,0.956055939383658"
"500,30,""Lasso_1se"",-0.316458226963048,11.7031356196138,0.8,0.985242102491306"
"500,30,""AdaptLasso_min"",0.11507223913475,3.05198410963909,0.8,0.955371760798397"
"500,30,""AdaptLasso_1se"",0.0268217354437057,5.26788040046603,1,0.981560498455813"
"500,30,""Elastic_Net_min"",0.0155102657842125,3.9534723179363,0.6,0.9557312644587"
"500,30,""Elastic_Net_1se"",-0.284102235807379,10.2981736788535,0.8,0.975243618283814"
"500,30,""WQS"",-119.553382577111,2.8110819581611,1,0.971393415362983"
"1000,30,""Lasso_min"",-0.331761302414042,2.62020347242202,0.6,0.990526575995261"
"1000,30,""Lasso_1se"",-0.831139664608116,7.96053582137229,0.4,1.01093469028823"
"1000,30,""AdaptLasso_min"",-0.207639692342662,2.53712142092484,0.8,0.990485456987423"
"1000,30,""AdaptLasso_1se"",0.503573797806912,2.90997516955061,1,1.01310085646727"
"1000,30,""Elastic_Net_min"",-0.338149802952872,2.61235508892123,0.6,0.990494427978258"
"1000,30,""Elastic_Net_1se"",-1.06695909037119,9.83960572660134,0.4,1.01851346955751"
"1000,30,""WQS"",-112.126869189812,2.57997048527671,1,1.00354516856598"
"5000,30,""Lasso_min"",1.10521792831525,0.679481722505961,0.8,0.99263690299167"
"5000,30,""Lasso_1se"",1.07610704133942,3.95587414114578,0.8,1.00070688161761"
"5000,30,""AdaptLasso_min"",1.11102852642163,0.927335547362045,1,0.992620599184612"
"5000,30,""AdaptLasso_1se"",1.09895606657641,0.719790789000356,1,0.997832686459432"
"5000,30,""Elastic_Net_min"",1.10421952516792,0.658501956958084,0.8,0.992636724215788"
"5000,30,""Elastic_Net_1se"",1.07916282527626,3.26898140602923,0.8,0.998048916755715"
"5000,30,""WQS"",-138.560770764602,1.01488131758155,1,1.01386472049455"
"100,31,""Lasso_min"",-16.1659090053876,11.0697828731862,0,0.950792938776665"
"100,31,""Lasso_1se"",-13.2570964985066,19.6331210436858,1,1.06960918014986"
"100,31,""AdaptLasso_min"",-16.7604772626132,10.8383853096053,0.8,1.04416392047219"
"100,31,""AdaptLasso_1se"",-16.4052115083677,16.8741904773946,1,1.09077950582346"
"100,31,""Elastic_Net_min"",-16.1134435099789,10.9412540845436,0,0.951679523252807"
"100,31,""Elastic_Net_1se"",-12.5857721154884,20.8476452956456,0.8,1.07430587875075"
"100,31,""WQS"",-119.96167983722,8.71631848205372,1,1.0505725014769"
"500,31,""Lasso_min"",0.0205171589860137,3.93385896645221,0.8,0.956055939383658"
"500,31,""Lasso_1se"",-0.316458226963048,11.7031356196138,0.8,0.985242102491306"
"500,31,""AdaptLasso_min"",0.11507223913475,3.05198410963909,0.8,0.955371760798397"
"500,31,""AdaptLasso_1se"",0.0268217354437057,5.26788040046603,1,0.981560498455813"
"500,31,""Elastic_Net_min"",0.0155102657842125,3.9534723179363,0.6,0.9557312644587"
"500,31,""Elastic_Net_1se"",-0.284102235807379,10.2981736788535,0.8,0.975243618283814"
"500,31,""WQS"",-119.553382577111,2.8110819581611,1,0.971393415362983"
"1000,31,""Lasso_min"",-0.331761302414042,2.62020347242202,0.6,0.990526575995261"
"1000,31,""Lasso_1se"",-0.831139664608116,7.96053582137229,0.4,1.01093469028823"
"1000,31,""AdaptLasso_min"",-0.207639692342662,2.53712142092484,0.8,0.990485456987423"
"1000,31,""AdaptLasso_1se"",0.503573797806912,2.90997516955061,1,1.01310085646727"
"1000,31,""Elastic_Net_min"",-0.338149802952872,2.61235508892123,0.6,0.990494427978258"
"1000,31,""Elastic_Net_1se"",-1.06695909037119,9.83960572660134,0.4,1.01851346955751"
"1000,31,""WQS"",-112.126869189812,2.57997048527671,1,1.00354516856598"
"5000,31,""Lasso_min"",1.10521792831525,0.679481722505961,0.8,0.99263690299167"
"5000,31,""Lasso_1se"",1.07610704133942,3.95587414114578,0.8,1.00070688161761"
"5000,31,""AdaptLasso_min"",1.11102852642163,0.927335547362045,1,0.992620599184612"
"5000,31,""AdaptLasso_1se"",1.09895606657641,0.719790789000356,1,0.997832686459432"
"5000,31,""Elastic_Net_min"",1.10421952516792,0.658501956958084,0.8,0.992636724215788"
"5000,31,""Elastic_Net_1se"",1.07916282527626,3.26898140602923,0.8,0.998048916755715"
"5000,31,""WQS"",-138.560770764602,1.01488131758155,1,1.01386472049455"
"100,32,""Lasso_min"",-16.1659090053876,11.0697828731862,0,0.950792938776665"
"100,32,""Lasso_1se"",-13.2570964985066,19.6331210436858,1,1.06960918014986"
"100,32,""AdaptLasso_min"",-16.7604772626132,10.8383853096053,0.8,1.04416392047219"
"100,32,""AdaptLasso_1se"",-16.4052115083677,16.8741904773946,1,1.09077950582346"
"100,32,""Elastic_Net_min"",-16.1134435099789,10.9412540845436,0,0.951679523252807"
"100,32,""Elastic_Net_1se"",-12.5857721154884,20.8476452956456,0.8,1.07430587875075"
"100,32,""WQS"",-119.96167983722,8.71631848205372,1,1.0505725014769"
"500,32,""Lasso_min"",0.0205171589860137,3.93385896645221,0.8,0.956055939383658"
"500,32,""Lasso_1se"",-0.316458226963048,11.7031356196138,0.8,0.985242102491306"
"500,32,""AdaptLasso_min"",0.11507223913475,3.05198410963909,0.8,0.955371760798397"
"500,32,""AdaptLasso_1se"",0.0268217354437057,5.26788040046603,1,0.981560498455813"
"500,32,""Elastic_Net_min"",0.0155102657842125,3.9534723179363,0.6,0.9557312644587"
"500,32,""Elastic_Net_1se"",-0.284102235807379,10.2981736788535,0.8,0.975243618283814"
"500,32,""WQS"",-119.553382577111,2.8110819581611,1,0.971393415362983"
"1000,32,""Lasso_min"",-0.331761302414042,2.62020347242202,0.6,0.990526575995261"
"1000,32,""Lasso_1se"",-0.831139664608116,7.96053582137229,0.4,1.01093469028823"
"1000,32,""AdaptLasso_min"",-0.207639692342662,2.53712142092484,0.8,0.990485456987423"
"1000,32,""AdaptLasso_1se"",0.503573797806912,2.90997516955061,1,1.01310085646727"
"1000,32,""Elastic_Net_min"",-0.338149802952872,2.61235508892123,0.6,0.990494427978258"
"1000,32,""Elastic_Net_1se"",-1.06695909037119,9.83960572660134,0.4,1.01851346955751"
"1000,32,""WQS"",-112.126869189812,2.57997048527671,1,1.00354516856598"
"5000,32,""Lasso_min"",1.10521792831525,0.679481722505961,0.8,0.99263690299167"
"5000,32,""Lasso_1se"",1.07610704133942,3.95587414114578,0.8,1.00070688161761"
"5000,32,""AdaptLasso_min"",1.11102852642163,0.927335547362045,1,0.992620599184612"
"5000,32,""AdaptLasso_1se"",1.09895606657641,0.719790789000356,1,0.997832686459432"
"5000,32,""Elastic_Net_min"",1.10421952516792,0.658501956958084,0.8,0.992636724215788"
"5000,32,""Elastic_Net_1se"",1.07916282527626,3.26898140602923,0.8,0.998048916755715"
"5000,32,""WQS"",-138.560770764602,1.01488131758155,1,1.01386472049455"
"100,33,""Lasso_min"",-16.1659090053876,11.0697828731862,0,0.950792938776665"
"100,33,""Lasso_1se"",-13.2570964985066,19.6331210436858,1,1.06960918014986"
"100,33,""AdaptLasso_min"",-16.7604772626132,10.8383853096053,0.8,1.04416392047219"
"100,33,""AdaptLasso_1se"",-16.4052115083677,16.8741904773946,1,1.09077950582346"
"100,33,""Elastic_Net_min"",-16.1134435099789,10.9412540845436,0,0.951679523252807"
"100,33,""Elastic_Net_1se"",-12.5857721154884,20.8476452956456,0.8,1.07430587875075"
"100,33,""WQS"",-119.96167983722,8.71631848205372,1,1.0505725014769"
"500,33,""Lasso_min"",0.0205171589860137,3.93385896645221,0.8,0.956055939383658"
"500,33,""Lasso_1se"",-0.316458226963048,11.7031356196138,0.8,0.985242102491306"
"500,33,""AdaptLasso_min"",0.11507223913475,3.05198410963909,0.8,0.955371760798397"
"500,33,""AdaptLasso_1se"",0.0268217354437057,5.26788040046603,1,0.981560498455813"
"500,33,""Elastic_Net_min"",0.0155102657842125,3.9534723179363,0.6,0.9557312644587"
"500,33,""Elastic_Net_1se"",-0.284102235807379,10.2981736788535,0.8,0.975243618283814"
"500,33,""WQS"",-119.553382577111,2.8110819581611,1,0.971393415362983"
"1000,33,""Lasso_min"",-0.331761302414042,2.62020347242202,0.6,0.990526575995261"
"1000,33,""Lasso_1se"",-0.831139664608116,7.96053582137229,0.4,1.01093469028823"
"1000,33,""AdaptLasso_min"",-0.207639692342662,2.53712142092484,0.8,0.990485456987423"
"1000,33,""AdaptLasso_1se"",0.503573797806912,2.90997516955061,1,1.01310085646727"
"1000,33,""Elastic_Net_min"",-0.338149802952872,2.61235508892123,0.6,0.990494427978258"
"1000,33,""Elastic_Net_1se"",-1.06695909037119,9.83960572660134,0.4,1.01851346955751"
"1000,33,""WQS"",-112.126869189812,2.57997048527671,1,1.00354516856598"
"5000,33,""Lasso_min"",1.10521792831525,0.679481722505961,0.8,0.99263690299167"
"5000,33,""Lasso_1se"",1.07610704133942,3.95587414114578,0.8,1.00070688161761"
"5000,33,""AdaptLasso_min"",1.11102852642163,0.927335547362045,1,0.992620599184612"
"5000,33,""AdaptLasso_1se"",1.09895606657641,0.719790789000356,1,0.997832686459432"
"5000,33,""Elastic_Net_min"",1.10421952516792,0.658501956958084,0.8,0.992636724215788"
"5000,33,""Elastic_Net_1se"",1.07916282527626,3.26898140602923,0.8,0.998048916755715"
"5000,33,""WQS"",-138.560770764602,1.01488131758155,1,1.01386472049455"
"100,34,""Lasso_min"",-16.1659090053876,11.0697828731862,0,0.950792938776665"
"100,34,""Lasso_1se"",-13.2570964985066,19.6331210436858,1,1.06960918014986"
"100,34,""AdaptLasso_min"",-16.7604772626132,10.8383853096053,0.8,1.04416392047219"
"100,34,""AdaptLasso_1se"",-16.4052115083677,16.8741904773946,1,1.09077950582346"
"100,34,""Elastic_Net_min"",-16.1134435099789,10.9412540845436,0,0.951679523252807"
"100,34,""Elastic_Net_1se"",-12.5857721154884,20.8476452956456,0.8,1.07430587875075"
"100,34,""WQS"",-119.96167983722,8.71631848205372,1,1.0505725014769"
"500,34,""Lasso_min"",0.0205171589860137,3.93385896645221,0.8,0.956055939383658"
"500,34,""Lasso_1se"",-0.316458226963048,11.7031356196138,0.8,0.985242102491306"
"500,34,""AdaptLasso_min"",0.11507223913475,3.05198410963909,0.8,0.955371760798397"
"500,34,""AdaptLasso_1se"",0.0268217354437057,5.26788040046603,1,0.981560498455813"
"500,34,""Elastic_Net_min"",0.0155102657842125,3.9534723179363,0.6,0.9557312644587"
"500,34,""Elastic_Net_1se"",-0.284102235807379,10.2981736788535,0.8,0.975243618283814"
"500,34,""WQS"",-119.553382577111,2.8110819581611,1,0.971393415362983"
"1000,34,""Lasso_min"",-0.331761302414042,2.62020347242202,0.6,0.990526575995261"
"1000,34,""Lasso_1se"",-0.831139664608116,7.96053582137229,0.4,1.01093469028823"
"1000,34,""AdaptLasso_min"",-0.207639692342662,2.53712142092484,0.8,0.990485456987423"
"1000,34,""AdaptLasso_1se"",0.503573797806912,2.90997516955061,1,1.01310085646727"
"1000,34,""Elastic_Net_min"",-0.338149802952872,2.61235508892123,0.6,0.990494427978258"
"1000,34,""Elastic_Net_1se"",-1.06695909037119,9.83960572660134,0.4,1.01851346955751"
"1000,34,""WQS"",-112.126869189812,2.57997048527671,1,1.00354516856598"
"5000,34,""Lasso_min"",1.10521792831525,0.679481722505961,0.8,0.99263690299167"
"5000,34,""Lasso_1se"",1.07610704133942,3.95587414114578,0.8,1.00070688161761"
"5000,34,""AdaptLasso_min"",1.11102852642163,0.927335547362045,1,0.992620599184612"
"5000,34,""AdaptLasso_1se"",1.09895606657641,0.719790789000356,1,0.997832686459432"
"5000,34,""Elastic_Net_min"",1.10421952516792,0.658501956958084,0.8,0.992636724215788"
"5000,34,""Elastic_Net_1se"",1.07916282527626,3.26898140602923,0.8,0.998048916755715"
"5000,34,""WQS"",-138.560770764602,1.01488131758155,1,1.01386472049455"
"100,35,""Lasso_min"",-16.1659090053876,11.0697828731862,0,0.950792938776665"
"100,35,""Lasso_1se"",-13.2570964985066,19.6331210436858,1,1.06960918014986"
"100,35,""AdaptLasso_min"",-16.7604772626132,10.8383853096053,0.8,1.04416392047219"
"100,35,""AdaptLasso_1se"",-16.4052115083677,16.8741904773946,1,1.09077950582346"
"100,35,""Elastic_Net_min"",-16.1134435099789,10.9412540845436,0,0.951679523252807"
"100,35,""Elastic_Net_1se"",-12.5857721154884,20.8476452956456,0.8,1.07430587875075"
"100,35,""WQS"",-119.96167983722,8.71631848205372,1,1.0505725014769"
"500,35,""Lasso_min"",0.0205171589860137,3.93385896645221,0.8,0.956055939383658"
"500,35,""Lasso_1se"",-0.316458226963048,11.7031356196138,0.8,0.985242102491306"
"500,35,""AdaptLasso_min"",0.11507223913475,3.05198410963909,0.8,0.955371760798397"
"500,35,""AdaptLasso_1se"",0.0268217354437057,5.26788040046603,1,0.981560498455813"
"500,35,""Elastic_Net_min"",0.0155102657842125,3.9534723179363,0.6,0.9557312644587"
"500,35,""Elastic_Net_1se"",-0.284102235807379,10.2981736788535,0.8,0.975243618283814"
"500,35,""WQS"",-119.553382577111,2.8110819581611,1,0.971393415362983"
"1000,35,""Lasso_min"",-0.331761302414042,2.62020347242202,0.6,0.990526575995261"
"1000,35,""Lasso_1se"",-0.831139664608116,7.96053582137229,0.4,1.01093469028823"
"1000,35,""AdaptLasso_min"",-0.207639692342662,2.53712142092484,0.8,0.990485456987423"
"1000,35,""AdaptLasso_1se"",0.503573797806912,2.90997516955061,1,1.01310085646727"
"1000,35,""Elastic_Net_min"",-0.338149802952872,2.61235508892123,0.6,0.990494427978258"
"1000,35,""Elastic_Net_1se"",-1.06695909037119,9.83960572660134,0.4,1.01851346955751"
"1000,35,""WQS"",-112.126869189812,2.57997048527671,1,1.00354516856598"
"5000,35,""Lasso_min"",1.10521792831525,0.679481722505961,0.8,0.99263690299167"
"5000,35,""Lasso_1se"",1.07610704133942,3.95587414114578,0.8,1.00070688161761"
"5000,35,""AdaptLasso_min"",1.11102852642163,0.927335547362045,1,0.992620599184612"
"5000,35,""AdaptLasso_1se"",1.09895606657641,0.719790789000356,1,0.997832686459432"
"5000,35,""Elastic_Net_min"",1.10421952516792,0.658501956958084,0.8,0.992636724215788"
"5000,35,""Elastic_Net_1se"",1.07916282527626,3.26898140602923,0.8,0.998048916755715"
"5000,35,""WQS"",-138.560770764602,1.01488131758155,1,1.01386472049455"
"100,36,""Lasso_min"",-16.1659090053876,11.0697828731862,0,0.950792938776665"
"100,36,""Lasso_1se"",-13.2570964985066,19.6331210436858,1,1.06960918014986"
"100,36,""AdaptLasso_min"",-16.7604772626132,10.8383853096053,0.8,1.04416392047219"
"100,36,""AdaptLasso_1se"",-16.4052115083677,16.8741904773946,1,1.09077950582346"
"100,36,""Elastic_Net_min"",-16.1134435099789,10.9412540845436,0,0.951679523252807"
"100,36,""Elastic_Net_1se"",-12.5857721154884,20.8476452956456,0.8,1.07430587875075"
"100,36,""WQS"",-119.96167983722,8.71631848205372,1,1.0505725014769"
"500,36,""Lasso_min"",0.0205171589860137,3.93385896645221,0.8,0.956055939383658"
"500,36,""Lasso_1se"",-0.316458226963048,11.7031356196138,0.8,0.985242102491306"
"500,36,""AdaptLasso_min"",0.11507223913475,3.05198410963909,0.8,0.955371760798397"
"500,36,""AdaptLasso_1se"",0.0268217354437057,5.26788040046603,1,0.981560498455813"
"500,36,""Elastic_Net_min"",0.0155102657842125,3.9534723179363,0.6,0.9557312644587"
"500,36,""Elastic_Net_1se"",-0.284102235807379,10.2981736788535,0.8,0.975243618283814"
"500,36,""WQS"",-119.553382577111,2.8110819581611,1,0.971393415362983"
"1000,36,""Lasso_min"",-0.331761302414042,2.62020347242202,0.6,0.990526575995261"
"1000,36,""Lasso_1se"",-0.831139664608116,7.96053582137229,0.4,1.01093469028823"
"1000,36,""AdaptLasso_min"",-0.207639692342662,2.53712142092484,0.8,0.990485456987423"
"1000,36,""AdaptLasso_1se"",0.503573797806912,2.90997516955061,1,1.01310085646727"
"1000,36,""Elastic_Net_min"",-0.338149802952872,2.61235508892123,0.6,0.990494427978258"
"1000,36,""Elastic_Net_1se"",-1.06695909037119,9.83960572660134,0.4,1.01851346955751"
"1000,36,""WQS"",-112.126869189812,2.57997048527671,1,1.00354516856598"
"5000,36,""Lasso_min"",1.10521792831525,0.679481722505961,0.8,0.99263690299167"
"5000,36,""Lasso_1se"",1.07610704133942,3.95587414114578,0.8,1.00070688161761"
"5000,36,""AdaptLasso_min"",1.11102852642163,0.927335547362045,1,0.992620599184612"
"5000,36,""AdaptLasso_1se"",1.09895606657641,0.719790789000356,1,0.997832686459432"
"5000,36,""Elastic_Net_min"",1.10421952516792,0.658501956958084,0.8,0.992636724215788"
"5000,36,""Elastic_Net_1se"",1.07916282527626,3.26898140602923,0.8,0.998048916755715"
"5000,36,""WQS"",-138.560770764602,1.01488131758155,1,1.01386472049455"
"100,37,""Lasso_min"",-16.1659090053876,11.0697828731862,0,0.950792938776665"
"100,37,""Lasso_1se"",-13.2570964985066,19.6331210436858,1,1.06960918014986"
"100,37,""AdaptLasso_min"",-16.7604772626132,10.8383853096053,0.8,1.04416392047219"
"100,37,""AdaptLasso_1se"",-16.4052115083677,16.8741904773946,1,1.09077950582346"
"100,37,""Elastic_Net_min"",-16.1134435099789,10.9412540845436,0,0.951679523252807"
"100,37,""Elastic_Net_1se"",-12.5857721154884,20.8476452956456,0.8,1.07430587875075"
"100,37,""WQS"",-119.96167983722,8.71631848205372,1,1.0505725014769"
"500,37,""Lasso_min"",0.0205171589860137,3.93385896645221,0.8,0.956055939383658"
"500,37,""Lasso_1se"",-0.316458226963048,11.7031356196138,0.8,0.985242102491306"
"500,37,""AdaptLasso_min"",0.11507223913475,3.05198410963909,0.8,0.955371760798397"
"500,37,""AdaptLasso_1se"",0.0268217354437057,5.26788040046603,1,0.981560498455813"
"500,37,""Elastic_Net_min"",0.0155102657842125,3.9534723179363,0.6,0.9557312644587"
"500,37,""Elastic_Net_1se"",-0.284102235807379,10.2981736788535,0.8,0.975243618283814"
"500,37,""WQS"",-119.553382577111,2.8110819581611,1,0.971393415362983"
"1000,37,""Lasso_min"",-0.331761302414042,2.62020347242202,0.6,0.990526575995261"
"1000,37,""Lasso_1se"",-0.831139664608116,7.96053582137229,0.4,1.01093469028823"
"1000,37,""AdaptLasso_min"",-0.207639692342662,2.53712142092484,0.8,0.990485456987423"
"1000,37,""AdaptLasso_1se"",0.503573797806912,2.90997516955061,1,1.01310085646727"
"1000,37,""Elastic_Net_min"",-0.338149802952872,2.61235508892123,0.6,0.990494427978258"
"1000,37,""Elastic_Net_1se"",-1.06695909037119,9.83960572660134,0.4,1.01851346955751"
"1000,37,""WQS"",-112.126869189812,2.57997048527671,1,1.00354516856598"
"5000,37,""Lasso_min"",1.10521792831525,0.679481722505961,0.8,0.99263690299167"
"5000,37,""Lasso_1se"",1.07610704133942,3.95587414114578,0.8,1.00070688161761"
"5000,37,""AdaptLasso_min"",1.11102852642163,0.927335547362045,1,0.992620599184612"
"5000,37,""AdaptLasso_1se"",1.09895606657641,0.719790789000356,1,0.997832686459432"
"5000,37,""Elastic_Net_min"",1.10421952516792,0.658501956958084,0.8,0.992636724215788"
"5000,37,""Elastic_Net_1se"",1.07916282527626,3.26898140602923,0.8,0.998048916755715"
"5000,37,""WQS"",-138.560770764602,1.01488131758155,1,1.01386472049455"
"100,38,""Lasso_min"",-16.1659090053876,11.0697828731862,0,0.950792938776665"
"100,38,""Lasso_1se"",-13.2570964985066,19.6331210436858,1,1.06960918014986"
"100,38,""AdaptLasso_min"",-16.7604772626132,10.8383853096053,0.8,1.04416392047219"
"100,38,""AdaptLasso_1se"",-16.4052115083677,16.8741904773946,1,1.09077950582346"
"100,38,""Elastic_Net_min"",-16.1134435099789,10.9412540845436,0,0.951679523252807"
"100,38,""Elastic_Net_1se"",-12.5857721154884,20.8476452956456,0.8,1.07430587875075"
"100,38,""WQS"",-119.96167983722,8.71631848205372,1,1.0505725014769"
"500,38,""Lasso_min"",0.0205171589860137,3.93385896645221,0.8,0.956055939383658"
"500,38,""Lasso_1se"",-0.316458226963048,11.7031356196138,0.8,0.985242102491306"
"500,38,""AdaptLasso_min"",0.11507223913475,3.05198410963909,0.8,0.955371760798397"
"500,38,""AdaptLasso_1se"",0.0268217354437057,5.26788040046603,1,0.981560498455813"
"500,38,""Elastic_Net_min"",0.0155102657842125,3.9534723179363,0.6,0.9557312644587"
"500,38,""Elastic_Net_1se"",-0.284102235807379,10.2981736788535,0.8,0.975243618283814"
"500,38,""WQS"",-119.553382577111,2.8110819581611,1,0.971393415362983"
"1000,38,""Lasso_min"",-0.331761302414042,2.62020347242202,0.6,0.990526575995261"
"1000,38,""Lasso_1se"",-0.831139664608116,7.96053582137229,0.4,1.01093469028823"
"1000,38,""AdaptLasso_min"",-0.207639692342662,2.53712142092484,0.8,0.990485456987423"
"1000,38,""AdaptLasso_1se"",0.503573797806912,2.90997516955061,1,1.01310085646727"
"1000,38,""Elastic_Net_min"",-0.338149802952872,2.61235508892123,0.6,0.990494427978258"
"1000,38,""Elastic_Net_1se"",-1.06695909037119,9.83960572660134,0.4,1.01851346955751"
"1000,38,""WQS"",-112.126869189812,2.57997048527671,1,1.00354516856598"
"5000,38,""Lasso_min"",1.10521792831525,0.679481722505961,0.8,0.99263690299167"
"5000,38,""Lasso_1se"",1.07610704133942,3.95587414114578,0.8,1.00070688161761"
"5000,38,""AdaptLasso_min"",1.11102852642163,0.927335547362045,1,0.992620599184612"
"5000,38,""AdaptLasso_1se"",1.09895606657641,0.719790789000356,1,0.997832686459432"
"5000,38,""Elastic_Net_min"",1.10421952516792,0.658501956958084,0.8,0.992636724215788"
"5000,38,""Elastic_Net_1se"",1.07916282527626,3.26898140602923,0.8,0.998048916755715"
"5000,38,""WQS"",-138.560770764602,1.01488131758155,1,1.01386472049455"
"100,39,""Lasso_min"",-16.1659090053876,11.0697828731862,0,0.950792938776665"
"100,39,""Lasso_1se"",-13.2570964985066,19.6331210436858,1,1.06960918014986"
"100,39,""AdaptLasso_min"",-16.7604772626132,10.8383853096053,0.8,1.04416392047219"
"100,39,""AdaptLasso_1se"",-16.4052115083677,16.8741904773946,1,1.09077950582346"
"100,39,""Elastic_Net_min"",-16.1134435099789,10.9412540845436,0,0.951679523252807"
"100,39,""Elastic_Net_1se"",-12.5857721154884,20.8476452956456,0.8,1.07430587875075"
"100,39,""WQS"",-119.96167983722,8.71631848205372,1,1.0505725014769"
"500,39,""Lasso_min"",0.0205171589860137,3.93385896645221,0.8,0.956055939383658"
"500,39,""Lasso_1se"",-0.316458226963048,11.7031356196138,0.8,0.985242102491306"
"500,39,""AdaptLasso_min"",0.11507223913475,3.05198410963909,0.8,0.955371760798397"
"500,39,""AdaptLasso_1se"",0.0268217354437057,5.26788040046603,1,0.981560498455813"
"500,39,""Elastic_Net_min"",0.0155102657842125,3.9534723179363,0.6,0.9557312644587"
"500,39,""Elastic_Net_1se"",-0.284102235807379,10.2981736788535,0.8,0.975243618283814"
"500,39,""WQS"",-119.553382577111,2.8110819581611,1,0.971393415362983"
"1000,39,""Lasso_min"",-0.331761302414042,2.62020347242202,0.6,0.990526575995261"
"1000,39,""Lasso_1se"",-0.831139664608116,7.96053582137229,0.4,1.01093469028823"
"1000,39,""AdaptLasso_min"",-0.207639692342662,2.53712142092484,0.8,0.990485456987423"
"1000,39,""AdaptLasso_1se"",0.503573797806912,2.90997516955061,1,1.01310085646727"
"1000,39,""Elastic_Net_min"",-0.338149802952872,2.61235508892123,0.6,0.990494427978258"
"1000,39,""Elastic_Net_1se"",-1.06695909037119,9.83960572660134,0.4,1.01851346955751"
"1000,39,""WQS"",-112.126869189812,2.57997048527671,1,1.00354516856598"
"5000,39,""Lasso_min"",1.10521792831525,0.679481722505961,0.8,0.99263690299167"
"5000,39,""Lasso_1se"",1.07610704133942,3.95587414114578,0.8,1.00070688161761"
"5000,39,""AdaptLasso_min"",1.11102852642163,0.927335547362045,1,0.992620599184612"
"5000,39,""AdaptLasso_1se"",1.09895606657641,0.719790789000356,1,0.997832686459432"
"5000,39,""Elastic_Net_min"",1.10421952516792,0.658501956958084,0.8,0.992636724215788"
"5000,39,""Elastic_Net_1se"",1.07916282527626,3.26898140602923,0.8,0.998048916755715"
"5000,39,""WQS"",-138.560770764602,1.01488131758155,1,1.01386472049455"
"100,40,""Lasso_min"",-16.1659090053876,11.0697828731862,0,0.950792938776665"
"100,40,""Lasso_1se"",-13.2570964985066,19.6331210436858,1,1.06960918014986"
"100,40,""AdaptLasso_min"",-16.7604772626132,10.8383853096053,0.8,1.04416392047219"
"100,40,""AdaptLasso_1se"",-16.4052115083677,16.8741904773946,1,1.09077950582346"
"100,40,""Elastic_Net_min"",-16.1134435099789,10.9412540845436,0,0.951679523252807"
"100,40,""Elastic_Net_1se"",-12.5857721154884,20.8476452956456,0.8,1.07430587875075"
"100,40,""WQS"",-119.96167983722,8.71631848205372,1,1.0505725014769"
"500,40,""Lasso_min"",0.0205171589860137,3.93385896645221,0.8,0.956055939383658"
"500,40,""Lasso_1se"",-0.316458226963048,11.7031356196138,0.8,0.985242102491306"
"500,40,""AdaptLasso_min"",0.11507223913475,3.05198410963909,0.8,0.955371760798397"
"500,40,""AdaptLasso_1se"",0.0268217354437057,5.26788040046603,1,0.981560498455813"
"500,40,""Elastic_Net_min"",0.0155102657842125,3.9534723179363,0.6,0.9557312644587"
"500,40,""Elastic_Net_1se"",-0.284102235807379,10.2981736788535,0.8,0.975243618283814"
"500,40,""WQS"",-119.553382577111,2.8110819581611,1,0.971393415362983"
"1000,40,""Lasso_min"",-0.331761302414042,2.62020347242202,0.6,0.990526575995261"
"1000,40,""Lasso_1se"",-0.831139664608116,7.96053582137229,0.4,1.01093469028823"
"1000,40,""AdaptLasso_min"",-0.207639692342662,2.53712142092484,0.8,0.990485456987423"
"1000,40,""AdaptLasso_1se"",0.503573797806912,2.90997516955061,1,1.01310085646727"
"1000,40,""Elastic_Net_min"",-0.338149802952872,2.61235508892123,0.6,0.990494427978258"
"1000,40,""Elastic_Net_1se"",-1.06695909037119,9.83960572660134,0.4,1.01851346955751"
"1000,40,""WQS"",-112.126869189812,2.57997048527671,1,1.00354516856598"
"5000,40,""Lasso_min"",1.10521792831525,0.679481722505961,0.8,0.99263690299167"
"5000,40,""Lasso_1se"",1.07610704133942,3.95587414114578,0.8,1.00070688161761"
"5000,40,""AdaptLasso_min"",1.11102852642163,0.927335547362045,1,0.992620599184612"
"5000,40,""AdaptLasso_1se"",1.09895606657641,0.719790789000356,1,0.997832686459432"
"5000,40,""Elastic_Net_min"",1.10421952516792,0.658501956958084,0.8,0.992636724215788"
"5000,40,""Elastic_Net_1se"",1.07916282527626,3.26898140602923,0.8,0.998048916755715"
"5000,40,""WQS"",-138.560770764602,1.01488131758155,1,1.01386472049455"
"100,41,""Lasso_min"",-16.1659090053876,11.0697828731862,0,0.950792938776665"
"100,41,""Lasso_1se"",-13.2570964985066,19.6331210436858,1,1.06960918014986"
"100,41,""AdaptLasso_min"",-16.7604772626132,10.8383853096053,0.8,1.04416392047219"
"100,41,""AdaptLasso_1se"",-16.4052115083677,16.8741904773946,1,1.09077950582346"
"100,41,""Elastic_Net_min"",-16.1134435099789,10.9412540845436,0,0.951679523252807"
"100,41,""Elastic_Net_1se"",-12.5857721154884,20.8476452956456,0.8,1.07430587875075"
"100,41,""WQS"",-119.96167983722,8.71631848205372,1,1.0505725014769"
"500,41,""Lasso_min"",0.0205171589860137,3.93385896645221,0.8,0.956055939383658"
"500,41,""Lasso_1se"",-0.316458226963048,11.7031356196138,0.8,0.985242102491306"
"500,41,""AdaptLasso_min"",0.11507223913475,3.05198410963909,0.8,0.955371760798397"
"500,41,""AdaptLasso_1se"",0.0268217354437057,5.26788040046603,1,0.981560498455813"
"500,41,""Elastic_Net_min"",0.0155102657842125,3.9534723179363,0.6,0.9557312644587"
"500,41,""Elastic_Net_1se"",-0.284102235807379,10.2981736788535,0.8,0.975243618283814"
"500,41,""WQS"",-119.553382577111,2.8110819581611,1,0.971393415362983"
"1000,41,""Lasso_min"",-0.331761302414042,2.62020347242202,0.6,0.990526575995261"
"1000,41,""Lasso_1se"",-0.831139664608116,7.96053582137229,0.4,1.01093469028823"
"1000,41,""AdaptLasso_min"",-0.207639692342662,2.53712142092484,0.8,0.990485456987423"
"1000,41,""AdaptLasso_1se"",0.503573797806912,2.90997516955061,1,1.01310085646727"
"1000,41,""Elastic_Net_min"",-0.338149802952872,2.61235508892123,0.6,0.990494427978258"
"1000,41,""Elastic_Net_1se"",-1.06695909037119,9.83960572660134,0.4,1.01851346955751"
"1000,41,""WQS"",-112.126869189812,2.57997048527671,1,1.00354516856598"
"5000,41,""Lasso_min"",1.10521792831525,0.679481722505961,0.8,0.99263690299167"
"5000,41,""Lasso_1se"",1.07610704133942,3.95587414114578,0.8,1.00070688161761"
"5000,41,""AdaptLasso_min"",1.11102852642163,0.927335547362045,1,0.992620599184612"
"5000,41,""AdaptLasso_1se"",1.09895606657641,0.719790789000356,1,0.997832686459432"
"5000,41,""Elastic_Net_min"",1.10421952516792,0.658501956958084,0.8,0.992636724215788"
"5000,41,""Elastic_Net_1se"",1.07916282527626,3.26898140602923,0.8,0.998048916755715"
"5000,41,""WQS"",-138.560770764602,1.01488131758155,1,1.01386472049455"
"100,42,""Lasso_min"",-16.1659090053876,11.0697828731862,0,0.950792938776665"
"100,42,""Lasso_1se"",-13.2570964985066,19.6331210436858,1,1.06960918014986"
"100,42,""AdaptLasso_min"",-16.7604772626132,10.8383853096053,0.8,1.04416392047219"
"100,42,""AdaptLasso_1se"",-16.4052115083677,16.8741904773946,1,1.09077950582346"
"100,42,""Elastic_Net_min"",-16.1134435099789,10.9412540845436,0,0.951679523252807"
"100,42,""Elastic_Net_1se"",-12.5857721154884,20.8476452956456,0.8,1.07430587875075"
"100,42,""WQS"",-119.96167983722,8.71631848205372,1,1.0505725014769"
"500,42,""Lasso_min"",0.0205171589860137,3.93385896645221,0.8,0.956055939383658"
"500,42,""Lasso_1se"",-0.316458226963048,11.7031356196138,0.8,0.985242102491306"
"500,42,""AdaptLasso_min"",0.11507223913475,3.05198410963909,0.8,0.955371760798397"
"500,42,""AdaptLasso_1se"",0.0268217354437057,5.26788040046603,1,0.981560498455813"
"500,42,""Elastic_Net_min"",0.0155102657842125,3.9534723179363,0.6,0.9557312644587"
"500,42,""Elastic_Net_1se"",-0.284102235807379,10.2981736788535,0.8,0.975243618283814"
"500,42,""WQS"",-119.553382577111,2.8110819581611,1,0.971393415362983"
"1000,42,""Lasso_min"",-0.331761302414042,2.62020347242202,0.6,0.990526575995261"
"1000,42,""Lasso_1se"",-0.831139664608116,7.96053582137229,0.4,1.01093469028823"
"1000,42,""AdaptLasso_min"",-0.207639692342662,2.53712142092484,0.8,0.990485456987423"
"1000,42,""AdaptLasso_1se"",0.503573797806912,2.90997516955061,1,1.01310085646727"
"1000,42,""Elastic_Net_min"",-0.338149802952872,2.61235508892123,0.6,0.990494427978258"
"1000,42,""Elastic_Net_1se"",-1.06695909037119,9.83960572660134,0.4,1.01851346955751"
"1000,42,""WQS"",-112.126869189812,2.57997048527671,1,1.00354516856598"
"5000,42,""Lasso_min"",1.10521792831525,0.679481722505961,0.8,0.99263690299167"
"5000,42,""Lasso_1se"",1.07610704133942,3.95587414114578,0.8,1.00070688161761"
"5000,42,""AdaptLasso_min"",1.11102852642163,0.927335547362045,1,0.992620599184612"
"5000,42,""AdaptLasso_1se"",1.09895606657641,0.719790789000356,1,0.997832686459432"
"5000,42,""Elastic_Net_min"",1.10421952516792,0.658501956958084,0.8,0.992636724215788"
"5000,42,""Elastic_Net_1se"",1.07916282527626,3.26898140602923,0.8,0.998048916755715"
"5000,42,""WQS"",-138.560770764602,1.01488131758155,1,1.01386472049455"
"100,43,""Lasso_min"",-16.1659090053876,11.0697828731862,0,0.950792938776665"
"100,43,""Lasso_1se"",-13.2570964985066,19.6331210436858,1,1.06960918014986"
"100,43,""AdaptLasso_min"",-16.7604772626132,10.8383853096053,0.8,1.04416392047219"
"100,43,""AdaptLasso_1se"",-16.4052115083677,16.8741904773946,1,1.09077950582346"
"100,43,""Elastic_Net_min"",-16.1134435099789,10.9412540845436,0,0.951679523252807"
"100,43,""Elastic_Net_1se"",-12.5857721154884,20.8476452956456,0.8,1.07430587875075"
"100,43,""WQS"",-119.96167983722,8.71631848205372,1,1.0505725014769"
"500,43,""Lasso_min"",0.0205171589860137,3.93385896645221,0.8,0.956055939383658"
"500,43,""Lasso_1se"",-0.316458226963048,11.7031356196138,0.8,0.985242102491306"
"500,43,""AdaptLasso_min"",0.11507223913475,3.05198410963909,0.8,0.955371760798397"
"500,43,""AdaptLasso_1se"",0.0268217354437057,5.26788040046603,1,0.981560498455813"
"500,43,""Elastic_Net_min"",0.0155102657842125,3.9534723179363,0.6,0.9557312644587"
"500,43,""Elastic_Net_1se"",-0.284102235807379,10.2981736788535,0.8,0.975243618283814"
"500,43,""WQS"",-119.553382577111,2.8110819581611,1,0.971393415362983"
"1000,43,""Lasso_min"",-0.331761302414042,2.62020347242202,0.6,0.990526575995261"
"1000,43,""Lasso_1se"",-0.831139664608116,7.96053582137229,0.4,1.01093469028823"
"1000,43,""AdaptLasso_min"",-0.207639692342662,2.53712142092484,0.8,0.990485456987423"
"1000,43,""AdaptLasso_1se"",0.503573797806912,2.90997516955061,1,1.01310085646727"
"1000,43,""Elastic_Net_min"",-0.338149802952872,2.61235508892123,0.6,0.990494427978258"
"1000,43,""Elastic_Net_1se"",-1.06695909037119,9.83960572660134,0.4,1.01851346955751"
"1000,43,""WQS"",-112.126869189812,2.57997048527671,1,1.00354516856598"
"5000,43,""Lasso_min"",1.10521792831525,0.679481722505961,0.8,0.99263690299167"
"5000,43,""Lasso_1se"",1.07610704133942,3.95587414114578,0.8,1.00070688161761"
"5000,43,""AdaptLasso_min"",1.11102852642163,0.927335547362045,1,0.992620599184612"
"5000,43,""AdaptLasso_1se"",1.09895606657641,0.719790789000356,1,0.997832686459432"
"5000,43,""Elastic_Net_min"",1.10421952516792,0.658501956958084,0.8,0.992636724215788"
"5000,43,""Elastic_Net_1se"",1.07916282527626,3.26898140602923,0.8,0.998048916755715"
"5000,43,""WQS"",-138.560770764602,1.01488131758155,1,1.01386472049455"
"100,44,""Lasso_min"",-16.1659090053876,11.0697828731862,0,0.950792938776665"
"100,44,""Lasso_1se"",-13.2570964985066,19.6331210436858,1,1.06960918014986"
"100,44,""AdaptLasso_min"",-16.7604772626132,10.8383853096053,0.8,1.04416392047219"
"100,44,""AdaptLasso_1se"",-16.4052115083677,16.8741904773946,1,1.09077950582346"
"100,44,""Elastic_Net_min"",-16.1134435099789,10.9412540845436,0,0.951679523252807"
"100,44,""Elastic_Net_1se"",-12.5857721154884,20.8476452956456,0.8,1.07430587875075"
"100,44,""WQS"",-119.96167983722,8.71631848205372,1,1.0505725014769"
"500,44,""Lasso_min"",0.0205171589860137,3.93385896645221,0.8,0.956055939383658"
"500,44,""Lasso_1se"",-0.316458226963048,11.7031356196138,0.8,0.985242102491306"
"500,44,""AdaptLasso_min"",0.11507223913475,3.05198410963909,0.8,0.955371760798397"
"500,44,""AdaptLasso_1se"",0.0268217354437057,5.26788040046603,1,0.981560498455813"
"500,44,""Elastic_Net_min"",0.0155102657842125,3.9534723179363,0.6,0.9557312644587"
"500,44,""Elastic_Net_1se"",-0.284102235807379,10.2981736788535,0.8,0.975243618283814"
"500,44,""WQS"",-119.553382577111,2.8110819581611,1,0.971393415362983"
"1000,44,""Lasso_min"",-0.331761302414042,2.62020347242202,0.6,0.990526575995261"
"1000,44,""Lasso_1se"",-0.831139664608116,7.96053582137229,0.4,1.01093469028823"
"1000,44,""AdaptLasso_min"",-0.207639692342662,2.53712142092484,0.8,0.990485456987423"
"1000,44,""AdaptLasso_1se"",0.503573797806912,2.90997516955061,1,1.01310085646727"
"1000,44,""Elastic_Net_min"",-0.338149802952872,2.61235508892123,0.6,0.990494427978258"
"1000,44,""Elastic_Net_1se"",-1.06695909037119,9.83960572660134,0.4,1.01851346955751"
"1000,44,""WQS"",-112.126869189812,2.57997048527671,1,1.00354516856598"
"5000,44,""Lasso_min"",1.10521792831525,0.679481722505961,0.8,0.99263690299167"
"5000,44,""Lasso_1se"",1.07610704133942,3.95587414114578,0.8,1.00070688161761"
"5000,44,""AdaptLasso_min"",1.11102852642163,0.927335547362045,1,0.992620599184612"
"5000,44,""AdaptLasso_1se"",1.09895606657641,0.719790789000356,1,0.997832686459432"
"5000,44,""Elastic_Net_min"",1.10421952516792,0.658501956958084,0.8,0.992636724215788"
"5000,44,""Elastic_Net_1se"",1.07916282527626,3.26898140602923,0.8,0.998048916755715"
"5000,44,""WQS"",-138.560770764602,1.01488131758155,1,1.01386472049455"
"100,45,""Lasso_min"",-16.1659090053876,11.0697828731862,0,0.950792938776665"
"100,45,""Lasso_1se"",-13.2570964985066,19.6331210436858,1,1.06960918014986"
"100,45,""AdaptLasso_min"",-16.7604772626132,10.8383853096053,0.8,1.04416392047219"
"100,45,""AdaptLasso_1se"",-16.4052115083677,16.8741904773946,1,1.09077950582346"
"100,45,""Elastic_Net_min"",-16.1134435099789,10.9412540845436,0,0.951679523252807"
"100,45,""Elastic_Net_1se"",-12.5857721154884,20.8476452956456,0.8,1.07430587875075"
"100,45,""WQS"",-119.96167983722,8.71631848205372,1,1.0505725014769"
"500,45,""Lasso_min"",0.0205171589860137,3.93385896645221,0.8,0.956055939383658"
"500,45,""Lasso_1se"",-0.316458226963048,11.7031356196138,0.8,0.985242102491306"
"500,45,""AdaptLasso_min"",0.11507223913475,3.05198410963909,0.8,0.955371760798397"
"500,45,""AdaptLasso_1se"",0.0268217354437057,5.26788040046603,1,0.981560498455813"
"500,45,""Elastic_Net_min"",0.0155102657842125,3.9534723179363,0.6,0.9557312644587"
"500,45,""Elastic_Net_1se"",-0.284102235807379,10.2981736788535,0.8,0.975243618283814"
"500,45,""WQS"",-119.553382577111,2.8110819581611,1,0.971393415362983"
"1000,45,""Lasso_min"",-0.331761302414042,2.62020347242202,0.6,0.990526575995261"
"1000,45,""Lasso_1se"",-0.831139664608116,7.96053582137229,0.4,1.01093469028823"
"1000,45,""AdaptLasso_min"",-0.207639692342662,2.53712142092484,0.8,0.990485456987423"
"1000,45,""AdaptLasso_1se"",0.503573797806912,2.90997516955061,1,1.01310085646727"
"1000,45,""Elastic_Net_min"",-0.338149802952872,2.61235508892123,0.6,0.990494427978258"
"1000,45,""Elastic_Net_1se"",-1.06695909037119,9.83960572660134,0.4,1.01851346955751"
"1000,45,""WQS"",-112.126869189812,2.57997048527671,1,1.00354516856598"
"5000,45,""Lasso_min"",1.10521792831525,0.679481722505961,0.8,0.99263690299167"
"5000,45,""Lasso_1se"",1.07610704133942,3.95587414114578,0.8,1.00070688161761"
"5000,45,""AdaptLasso_min"",1.11102852642163,0.927335547362045,1,0.992620599184612"
"5000,45,""AdaptLasso_1se"",1.09895606657641,0.719790789000356,1,0.997832686459432"
"5000,45,""Elastic_Net_min"",1.10421952516792,0.658501956958084,0.8,0.992636724215788"
"5000,45,""Elastic_Net_1se"",1.07916282527626,3.26898140602923,0.8,0.998048916755715"
"5000,45,""WQS"",-138.560770764602,1.01488131758155,1,1.01386472049455"
"100,46,""Lasso_min"",-16.1659090053876,11.0697828731862,0,0.950792938776665"
"100,46,""Lasso_1se"",-13.2570964985066,19.6331210436858,1,1.06960918014986"
"100,46,""AdaptLasso_min"",-16.7604772626132,10.8383853096053,0.8,1.04416392047219"
"100,46,""AdaptLasso_1se"",-16.4052115083677,16.8741904773946,1,1.09077950582346"
"100,46,""Elastic_Net_min"",-16.1134435099789,10.9412540845436,0,0.951679523252807"
"100,46,""Elastic_Net_1se"",-12.5857721154884,20.8476452956456,0.8,1.07430587875075"
"100,46,""WQS"",-119.96167983722,8.71631848205372,1,1.0505725014769"
"500,46,""Lasso_min"",0.0205171589860137,3.93385896645221,0.8,0.956055939383658"
"500,46,""Lasso_1se"",-0.316458226963048,11.7031356196138,0.8,0.985242102491306"
"500,46,""AdaptLasso_min"",0.11507223913475,3.05198410963909,0.8,0.955371760798397"
"500,46,""AdaptLasso_1se"",0.0268217354437057,5.26788040046603,1,0.981560498455813"
"500,46,""Elastic_Net_min"",0.0155102657842125,3.9534723179363,0.6,0.9557312644587"
"500,46,""Elastic_Net_1se"",-0.284102235807379,10.2981736788535,0.8,0.975243618283814"
"500,46,""WQS"",-119.553382577111,2.8110819581611,1,0.971393415362983"
"1000,46,""Lasso_min"",-0.331761302414042,2.62020347242202,0.6,0.990526575995261"
"1000,46,""Lasso_1se"",-0.831139664608116,7.96053582137229,0.4,1.01093469028823"
"1000,46,""AdaptLasso_min"",-0.207639692342662,2.53712142092484,0.8,0.990485456987423"
"1000,46,""AdaptLasso_1se"",0.503573797806912,2.90997516955061,1,1.01310085646727"
"1000,46,""Elastic_Net_min"",-0.338149802952872,2.61235508892123,0.6,0.990494427978258"
"1000,46,""Elastic_Net_1se"",-1.06695909037119,9.83960572660134,0.4,1.01851346955751"
"1000,46,""WQS"",-112.126869189812,2.57997048527671,1,1.00354516856598"
"5000,46,""Lasso_min"",1.10521792831525,0.679481722505961,0.8,0.99263690299167"
"5000,46,""Lasso_1se"",1.07610704133942,3.95587414114578,0.8,1.00070688161761"
"5000,46,""AdaptLasso_min"",1.11102852642163,0.927335547362045,1,0.992620599184612"
"5000,46,""AdaptLasso_1se"",1.09895606657641,0.719790789000356,1,0.997832686459432"
"5000,46,""Elastic_Net_min"",1.10421952516792,0.658501956958084,0.8,0.992636724215788"
"5000,46,""Elastic_Net_1se"",1.07916282527626,3.26898140602923,0.8,0.998048916755715"
"5000,46,""WQS"",-138.560770764602,1.01488131758155,1,1.01386472049455"
"100,47,""Lasso_min"",-16.1659090053876,11.0697828731862,0,0.950792938776665"
"100,47,""Lasso_1se"",-13.2570964985066,19.6331210436858,1,1.06960918014986"
"100,47,""AdaptLasso_min"",-16.7604772626132,10.8383853096053,0.8,1.04416392047219"
"100,47,""AdaptLasso_1se"",-16.4052115083677,16.8741904773946,1,1.09077950582346"
"100,47,""Elastic_Net_min"",-16.1134435099789,10.9412540845436,0,0.951679523252807"
"100,47,""Elastic_Net_1se"",-12.5857721154884,20.8476452956456,0.8,1.07430587875075"
"100,47,""WQS"",-119.96167983722,8.71631848205372,1,1.0505725014769"
"500,47,""Lasso_min"",0.0205171589860137,3.93385896645221,0.8,0.956055939383658"
"500,47,""Lasso_1se"",-0.316458226963048,11.7031356196138,0.8,0.985242102491306"
"500,47,""AdaptLasso_min"",0.11507223913475,3.05198410963909,0.8,0.955371760798397"
"500,47,""AdaptLasso_1se"",0.0268217354437057,5.26788040046603,1,0.981560498455813"
"500,47,""Elastic_Net_min"",0.0155102657842125,3.9534723179363,0.6,0.9557312644587"
"500,47,""Elastic_Net_1se"",-0.284102235807379,10.2981736788535,0.8,0.975243618283814"
"500,47,""WQS"",-119.553382577111,2.8110819581611,1,0.971393415362983"
"1000,47,""Lasso_min"",-0.331761302414042,2.62020347242202,0.6,0.990526575995261"
"1000,47,""Lasso_1se"",-0.831139664608116,7.96053582137229,0.4,1.01093469028823"
"1000,47,""AdaptLasso_min"",-0.207639692342662,2.53712142092484,0.8,0.990485456987423"
"1000,47,""AdaptLasso_1se"",0.503573797806912,2.90997516955061,1,1.01310085646727"
"1000,47,""Elastic_Net_min"",-0.338149802952872,2.61235508892123,0.6,0.990494427978258"
"1000,47,""Elastic_Net_1se"",-1.06695909037119,9.83960572660134,0.4,1.01851346955751"
"1000,47,""WQS"",-112.126869189812,2.57997048527671,1,1.00354516856598"
"5000,47,""Lasso_min"",1.10521792831525,0.679481722505961,0.8,0.99263690299167"
"5000,47,""Lasso_1se"",1.07610704133942,3.95587414114578,0.8,1.00070688161761"
"5000,47,""AdaptLasso_min"",1.11102852642163,0.927335547362045,1,0.992620599184612"
"5000,47,""AdaptLasso_1se"",1.09895606657641,0.719790789000356,1,0.997832686459432"
"5000,47,""Elastic_Net_min"",1.10421952516792,0.658501956958084,0.8,0.992636724215788"
"5000,47,""Elastic_Net_1se"",1.07916282527626,3.26898140602923,0.8,0.998048916755715"
"5000,47,""WQS"",-138.560770764602,1.01488131758155,1,1.01386472049455"
"100,48,""Lasso_min"",-16.1659090053876,11.0697828731862,0,0.950792938776665"
"100,48,""Lasso_1se"",-13.2570964985066,19.6331210436858,1,1.06960918014986"
"100,48,""AdaptLasso_min"",-16.7604772626132,10.8383853096053,0.8,1.04416392047219"
"100,48,""AdaptLasso_1se"",-16.4052115083677,16.8741904773946,1,1.09077950582346"
"100,48,""Elastic_Net_min"",-16.1134435099789,10.9412540845436,0,0.951679523252807"
"100,48,""Elastic_Net_1se"",-12.5857721154884,20.8476452956456,0.8,1.07430587875075"
"100,48,""WQS"",-119.96167983722,8.71631848205372,1,1.0505725014769"
"500,48,""Lasso_min"",0.0205171589860137,3.93385896645221,0.8,0.956055939383658"
"500,48,""Lasso_1se"",-0.316458226963048,11.7031356196138,0.8,0.985242102491306"
"500,48,""AdaptLasso_min"",0.11507223913475,3.05198410963909,0.8,0.955371760798397"
"500,48,""AdaptLasso_1se"",0.0268217354437057,5.26788040046603,1,0.981560498455813"
"500,48,""Elastic_Net_min"",0.0155102657842125,3.9534723179363,0.6,0.9557312644587"
"500,48,""Elastic_Net_1se"",-0.284102235807379,10.2981736788535,0.8,0.975243618283814"
"500,48,""WQS"",-119.553382577111,2.8110819581611,1,0.971393415362983"
"1000,48,""Lasso_min"",-0.331761302414042,2.62020347242202,0.6,0.990526575995261"
"1000,48,""Lasso_1se"",-0.831139664608116,7.96053582137229,0.4,1.01093469028823"
"1000,48,""AdaptLasso_min"",-0.207639692342662,2.53712142092484,0.8,0.990485456987423"
"1000,48,""AdaptLasso_1se"",0.503573797806912,2.90997516955061,1,1.01310085646727"
"1000,48,""Elastic_Net_min"",-0.338149802952872,2.61235508892123,0.6,0.990494427978258"
"1000,48,""Elastic_Net_1se"",-1.06695909037119,9.83960572660134,0.4,1.01851346955751"
"1000,48,""WQS"",-112.126869189812,2.57997048527671,1,1.00354516856598"
"5000,48,""Lasso_min"",1.10521792831525,0.679481722505961,0.8,0.99263690299167"
"5000,48,""Lasso_1se"",1.07610704133942,3.95587414114578,0.8,1.00070688161761"
"5000,48,""AdaptLasso_min"",1.11102852642163,0.927335547362045,1,0.992620599184612"
"5000,48,""AdaptLasso_1se"",1.09895606657641,0.719790789000356,1,0.997832686459432"
"5000,48,""Elastic_Net_min"",1.10421952516792,0.658501956958084,0.8,0.992636724215788"
"5000,48,""Elastic_Net_1se"",1.07916282527626,3.26898140602923,0.8,0.998048916755715"
"5000,48,""WQS"",-138.560770764602,1.01488131758155,1,1.01386472049455"
"100,49,""Lasso_min"",-16.1659090053876,11.0697828731862,0,0.950792938776665"
"100,49,""Lasso_1se"",-13.2570964985066,19.6331210436858,1,1.06960918014986"
"100,49,""AdaptLasso_min"",-16.7604772626132,10.8383853096053,0.8,1.04416392047219"
"100,49,""AdaptLasso_1se"",-16.4052115083677,16.8741904773946,1,1.09077950582346"
"100,49,""Elastic_Net_min"",-16.1134435099789,10.9412540845436,0,0.951679523252807"
"100,49,""Elastic_Net_1se"",-12.5857721154884,20.8476452956456,0.8,1.07430587875075"
"100,49,""WQS"",-119.96167983722,8.71631848205372,1,1.0505725014769"
"500,49,""Lasso_min"",0.0205171589860137,3.93385896645221,0.8,0.956055939383658"
"500,49,""Lasso_1se"",-0.316458226963048,11.7031356196138,0.8,0.985242102491306"
"500,49,""AdaptLasso_min"",0.11507223913475,3.05198410963909,0.8,0.955371760798397"
"500,49,""AdaptLasso_1se"",0.0268217354437057,5.26788040046603,1,0.981560498455813"
"500,49,""Elastic_Net_min"",0.0155102657842125,3.9534723179363,0.6,0.9557312644587"
"500,49,""Elastic_Net_1se"",-0.284102235807379,10.2981736788535,0.8,0.975243618283814"
"500,49,""WQS"",-119.553382577111,2.8110819581611,1,0.971393415362983"
"1000,49,""Lasso_min"",-0.331761302414042,2.62020347242202,0.6,0.990526575995261"
"1000,49,""Lasso_1se"",-0.831139664608116,7.96053582137229,0.4,1.01093469028823"
"1000,49,""AdaptLasso_min"",-0.207639692342662,2.53712142092484,0.8,0.990485456987423"
"1000,49,""AdaptLasso_1se"",0.503573797806912,2.90997516955061,1,1.01310085646727"
"1000,49,""Elastic_Net_min"",-0.338149802952872,2.61235508892123,0.6,0.990494427978258"
"1000,49,""Elastic_Net_1se"",-1.06695909037119,9.83960572660134,0.4,1.01851346955751"
"1000,49,""WQS"",-112.126869189812,2.57997048527671,1,1.00354516856598"
"5000,49,""Lasso_min"",1.10521792831525,0.679481722505961,0.8,0.99263690299167"
"5000,49,""Lasso_1se"",1.07610704133942,3.95587414114578,0.8,1.00070688161761"
"5000,49,""AdaptLasso_min"",1.11102852642163,0.927335547362045,1,0.992620599184612"
"5000,49,""AdaptLasso_1se"",1.09895606657641,0.719790789000356,1,0.997832686459432"
"5000,49,""Elastic_Net_min"",1.10421952516792,0.658501956958084,0.8,0.992636724215788"
"5000,49,""Elastic_Net_1se"",1.07916282527626,3.26898140602923,0.8,0.998048916755715"
"5000,49,""WQS"",-138.560770764602,1.01488131758155,1,1.01386472049455"
"100,50,""Lasso_min"",-16.1659090053876,11.0697828731862,0,0.950792938776665"
"100,50,""Lasso_1se"",-13.2570964985066,19.6331210436858,1,1.06960918014986"
"100,50,""AdaptLasso_min"",-16.7604772626132,10.8383853096053,0.8,1.04416392047219"
"100,50,""AdaptLasso_1se"",-16.4052115083677,16.8741904773946,1,1.09077950582346"
"100,50,""Elastic_Net_min"",-16.1134435099789,10.9412540845436,0,0.951679523252807"
"100,50,""Elastic_Net_1se"",-12.5857721154884,20.8476452956456,0.8,1.07430587875075"
"100,50,""WQS"",-119.96167983722,8.71631848205372,1,1.0505725014769"
"500,50,""Lasso_min"",0.0205171589860137,3.93385896645221,0.8,0.956055939383658"
"500,50,""Lasso_1se"",-0.316458226963048,11.7031356196138,0.8,0.985242102491306"
"500,50,""AdaptLasso_min"",0.11507223913475,3.05198410963909,0.8,0.955371760798397"
"500,50,""AdaptLasso_1se"",0.0268217354437057,5.26788040046603,1,0.981560498455813"
"500,50,""Elastic_Net_min"",0.0155102657842125,3.9534723179363,0.6,0.9557312644587"
"500,50,""Elastic_Net_1se"",-0.284102235807379,10.2981736788535,0.8,0.975243618283814"
"500,50,""WQS"",-119.553382577111,2.8110819581611,1,0.971393415362983"
"1000,50,""Lasso_min"",-0.331761302414042,2.62020347242202,0.6,0.990526575995261"
"1000,50,""Lasso_1se"",-0.831139664608116,7.96053582137229,0.4,1.01093469028823"
"1000,50,""AdaptLasso_min"",-0.207639692342662,2.53712142092484,0.8,0.990485456987423"
"1000,50,""AdaptLasso_1se"",0.503573797806912,2.90997516955061,1,1.01310085646727"
"1000,50,""Elastic_Net_min"",-0.338149802952872,2.61235508892123,0.6,0.990494427978258"
"1000,50,""Elastic_Net_1se"",-1.06695909037119,9.83960572660134,0.4,1.01851346955751"
"1000,50,""WQS"",-112.126869189812,2.57997048527671,1,1.00354516856598"
"5000,50,""Lasso_min"",1.10521792831525,0.679481722505961,0.8,0.99263690299167"
"5000,50,""Lasso_1se"",1.07610704133942,3.95587414114578,0.8,1.00070688161761"
"5000,50,""AdaptLasso_min"",1.11102852642163,0.927335547362045,1,0.992620599184612"
"5000,50,""AdaptLasso_1se"",1.09895606657641,0.719790789000356,1,0.997832686459432"
"5000,50,""Elastic_Net_min"",1.10421952516792,0.658501956958084,0.8,0.992636724215788"
"5000,50,""Elastic_Net_1se"",1.07916282527626,3.26898140602923,0.8,0.998048916755715"
"5000,50,""WQS"",-138.560770764602,1.01488131758155,1,1.01386472049455"
"100,51,""Lasso_min"",-16.1659090053876,11.0697828731862,0,0.950792938776665"
"100,51,""Lasso_1se"",-13.2570964985066,19.6331210436858,1,1.06960918014986"
"100,51,""AdaptLasso_min"",-16.7604772626132,10.8383853096053,0.8,1.04416392047219"
"100,51,""AdaptLasso_1se"",-16.4052115083677,16.8741904773946,1,1.09077950582346"
"100,51,""Elastic_Net_min"",-16.1134435099789,10.9412540845436,0,0.951679523252807"
"100,51,""Elastic_Net_1se"",-12.5857721154884,20.8476452956456,0.8,1.07430587875075"
"100,51,""WQS"",-119.96167983722,8.71631848205372,1,1.0505725014769"
"500,51,""Lasso_min"",0.0205171589860137,3.93385896645221,0.8,0.956055939383658"
"500,51,""Lasso_1se"",-0.316458226963048,11.7031356196138,0.8,0.985242102491306"
"500,51,""AdaptLasso_min"",0.11507223913475,3.05198410963909,0.8,0.955371760798397"
"500,51,""AdaptLasso_1se"",0.0268217354437057,5.26788040046603,1,0.981560498455813"
"500,51,""Elastic_Net_min"",0.0155102657842125,3.9534723179363,0.6,0.9557312644587"
"500,51,""Elastic_Net_1se"",-0.284102235807379,10.2981736788535,0.8,0.975243618283814"
"500,51,""WQS"",-119.553382577111,2.8110819581611,1,0.971393415362983"
"1000,51,""Lasso_min"",-0.331761302414042,2.62020347242202,0.6,0.990526575995261"
"1000,51,""Lasso_1se"",-0.831139664608116,7.96053582137229,0.4,1.01093469028823"
"1000,51,""AdaptLasso_min"",-0.207639692342662,2.53712142092484,0.8,0.990485456987423"
"1000,51,""AdaptLasso_1se"",0.503573797806912,2.90997516955061,1,1.01310085646727"
"1000,51,""Elastic_Net_min"",-0.338149802952872,2.61235508892123,0.6,0.990494427978258"
"1000,51,""Elastic_Net_1se"",-1.06695909037119,9.83960572660134,0.4,1.01851346955751"
"1000,51,""WQS"",-112.126869189812,2.57997048527671,1,1.00354516856598"
"5000,51,""Lasso_min"",1.10521792831525,0.679481722505961,0.8,0.99263690299167"
"5000,51,""Lasso_1se"",1.07610704133942,3.95587414114578,0.8,1.00070688161761"
"5000,51,""AdaptLasso_min"",1.11102852642163,0.927335547362045,1,0.992620599184612"
"5000,51,""AdaptLasso_1se"",1.09895606657641,0.719790789000356,1,0.997832686459432"
"5000,51,""Elastic_Net_min"",1.10421952516792,0.658501956958084,0.8,0.992636724215788"
"5000,51,""Elastic_Net_1se"",1.07916282527626,3.26898140602923,0.8,0.998048916755715"
"5000,51,""WQS"",-138.560770764602,1.01488131758155,1,1.01386472049455"
"100,52,""Lasso_min"",-16.1659090053876,11.0697828731862,0,0.950792938776665"
"100,52,""Lasso_1se"",-13.2570964985066,19.6331210436858,1,1.06960918014986"
"100,52,""AdaptLasso_min"",-16.7604772626132,10.8383853096053,0.8,1.04416392047219"
"100,52,""AdaptLasso_1se"",-16.4052115083677,16.8741904773946,1,1.09077950582346"
"100,52,""Elastic_Net_min"",-16.1134435099789,10.9412540845436,0,0.951679523252807"
"100,52,""Elastic_Net_1se"",-12.5857721154884,20.8476452956456,0.8,1.07430587875075"
"100,52,""WQS"",-119.96167983722,8.71631848205372,1,1.0505725014769"
"500,52,""Lasso_min"",0.0205171589860137,3.93385896645221,0.8,0.956055939383658"
"500,52,""Lasso_1se"",-0.316458226963048,11.7031356196138,0.8,0.985242102491306"
"500,52,""AdaptLasso_min"",0.11507223913475,3.05198410963909,0.8,0.955371760798397"
"500,52,""AdaptLasso_1se"",0.0268217354437057,5.26788040046603,1,0.981560498455813"
"500,52,""Elastic_Net_min"",0.0155102657842125,3.9534723179363,0.6,0.9557312644587"
"500,52,""Elastic_Net_1se"",-0.284102235807379,10.2981736788535,0.8,0.975243618283814"
"500,52,""WQS"",-119.553382577111,2.8110819581611,1,0.971393415362983"
"1000,52,""Lasso_min"",-0.331761302414042,2.62020347242202,0.6,0.990526575995261"
"1000,52,""Lasso_1se"",-0.831139664608116,7.96053582137229,0.4,1.01093469028823"
"1000,52,""AdaptLasso_min"",-0.207639692342662,2.53712142092484,0.8,0.990485456987423"
"1000,52,""AdaptLasso_1se"",0.503573797806912,2.90997516955061,1,1.01310085646727"
"1000,52,""Elastic_Net_min"",-0.338149802952872,2.61235508892123,0.6,0.990494427978258"
"1000,52,""Elastic_Net_1se"",-1.06695909037119,9.83960572660134,0.4,1.01851346955751"
"1000,52,""WQS"",-112.126869189812,2.57997048527671,1,1.00354516856598"
"5000,52,""Lasso_min"",1.10521792831525,0.679481722505961,0.8,0.99263690299167"
"5000,52,""Lasso_1se"",1.07610704133942,3.95587414114578,0.8,1.00070688161761"
"5000,52,""AdaptLasso_min"",1.11102852642163,0.927335547362045,1,0.992620599184612"
"5000,52,""AdaptLasso_1se"",1.09895606657641,0.719790789000356,1,0.997832686459432"
"5000,52,""Elastic_Net_min"",1.10421952516792,0.658501956958084,0.8,0.992636724215788"
"5000,52,""Elastic_Net_1se"",1.07916282527626,3.26898140602923,0.8,0.998048916755715"
"5000,52,""WQS"",-138.560770764602,1.01488131758155,1,1.01386472049455"
"100,53,""Lasso_min"",-16.1659090053876,11.0697828731862,0,0.950792938776665"
"100,53,""Lasso_1se"",-13.2570964985066,19.6331210436858,1,1.06960918014986"
"100,53,""AdaptLasso_min"",-16.7604772626132,10.8383853096053,0.8,1.04416392047219"
"100,53,""AdaptLasso_1se"",-16.4052115083677,16.8741904773946,1,1.09077950582346"
"100,53,""Elastic_Net_min"",-16.1134435099789,10.9412540845436,0,0.951679523252807"
"100,53,""Elastic_Net_1se"",-12.5857721154884,20.8476452956456,0.8,1.07430587875075"
"100,53,""WQS"",-119.96167983722,8.71631848205372,1,1.0505725014769"
"500,53,""Lasso_min"",0.0205171589860137,3.93385896645221,0.8,0.956055939383658"
"500,53,""Lasso_1se"",-0.316458226963048,11.7031356196138,0.8,0.985242102491306"
"500,53,""AdaptLasso_min"",0.11507223913475,3.05198410963909,0.8,0.955371760798397"
"500,53,""AdaptLasso_1se"",0.0268217354437057,5.26788040046603,1,0.981560498455813"
"500,53,""Elastic_Net_min"",0.0155102657842125,3.9534723179363,0.6,0.9557312644587"
"500,53,""Elastic_Net_1se"",-0.284102235807379,10.2981736788535,0.8,0.975243618283814"
"500,53,""WQS"",-119.553382577111,2.8110819581611,1,0.971393415362983"
"1000,53,""Lasso_min"",-0.331761302414042,2.62020347242202,0.6,0.990526575995261"
"1000,53,""Lasso_1se"",-0.831139664608116,7.96053582137229,0.4,1.01093469028823"
"1000,53,""AdaptLasso_min"",-0.207639692342662,2.53712142092484,0.8,0.990485456987423"
"1000,53,""AdaptLasso_1se"",0.503573797806912,2.90997516955061,1,1.01310085646727"
"1000,53,""Elastic_Net_min"",-0.338149802952872,2.61235508892123,0.6,0.990494427978258"
"1000,53,""Elastic_Net_1se"",-1.06695909037119,9.83960572660134,0.4,1.01851346955751"
"1000,53,""WQS"",-112.126869189812,2.57997048527671,1,1.00354516856598"
"5000,53,""Lasso_min"",1.10521792831525,0.679481722505961,0.8,0.99263690299167"
"5000,53,""Lasso_1se"",1.07610704133942,3.95587414114578,0.8,1.00070688161761"
"5000,53,""AdaptLasso_min"",1.11102852642163,0.927335547362045,1,0.992620599184612"
"5000,53,""AdaptLasso_1se"",1.09895606657641,0.719790789000356,1,0.997832686459432"
"5000,53,""Elastic_Net_min"",1.10421952516792,0.658501956958084,0.8,0.992636724215788"
"5000,53,""Elastic_Net_1se"",1.07916282527626,3.26898140602923,0.8,0.998048916755715"
"5000,53,""WQS"",-138.560770764602,1.01488131758155,1,1.01386472049455"
"100,54,""Lasso_min"",-16.1659090053876,11.0697828731862,0,0.950792938776665"
"100,54,""Lasso_1se"",-13.2570964985066,19.6331210436858,1,1.06960918014986"
"100,54,""AdaptLasso_min"",-16.7604772626132,10.8383853096053,0.8,1.04416392047219"
"100,54,""AdaptLasso_1se"",-16.4052115083677,16.8741904773946,1,1.09077950582346"
"100,54,""Elastic_Net_min"",-16.1134435099789,10.9412540845436,0,0.951679523252807"
"100,54,""Elastic_Net_1se"",-12.5857721154884,20.8476452956456,0.8,1.07430587875075"
"100,54,""WQS"",-119.96167983722,8.71631848205372,1,1.0505725014769"
"500,54,""Lasso_min"",0.0205171589860137,3.93385896645221,0.8,0.956055939383658"
"500,54,""Lasso_1se"",-0.316458226963048,11.7031356196138,0.8,0.985242102491306"
"500,54,""AdaptLasso_min"",0.11507223913475,3.05198410963909,0.8,0.955371760798397"
"500,54,""AdaptLasso_1se"",0.0268217354437057,5.26788040046603,1,0.981560498455813"
"500,54,""Elastic_Net_min"",0.0155102657842125,3.9534723179363,0.6,0.9557312644587"
"500,54,""Elastic_Net_1se"",-0.284102235807379,10.2981736788535,0.8,0.975243618283814"
"500,54,""WQS"",-119.553382577111,2.8110819581611,1,0.971393415362983"
"1000,54,""Lasso_min"",-0.331761302414042,2.62020347242202,0.6,0.990526575995261"
"1000,54,""Lasso_1se"",-0.831139664608116,7.96053582137229,0.4,1.01093469028823"
"1000,54,""AdaptLasso_min"",-0.207639692342662,2.53712142092484,0.8,0.990485456987423"
"1000,54,""AdaptLasso_1se"",0.503573797806912,2.90997516955061,1,1.01310085646727"
"1000,54,""Elastic_Net_min"",-0.338149802952872,2.61235508892123,0.6,0.990494427978258"
"1000,54,""Elastic_Net_1se"",-1.06695909037119,9.83960572660134,0.4,1.01851346955751"
"1000,54,""WQS"",-112.126869189812,2.57997048527671,1,1.00354516856598"
"5000,54,""Lasso_min"",1.10521792831525,0.679481722505961,0.8,0.99263690299167"
"5000,54,""Lasso_1se"",1.07610704133942,3.95587414114578,0.8,1.00070688161761"
"5000,54,""AdaptLasso_min"",1.11102852642163,0.927335547362045,1,0.992620599184612"
"5000,54,""AdaptLasso_1se"",1.09895606657641,0.719790789000356,1,0.997832686459432"
"5000,54,""Elastic_Net_min"",1.10421952516792,0.658501956958084,0.8,0.992636724215788"
"5000,54,""Elastic_Net_1se"",1.07916282527626,3.26898140602923,0.8,0.998048916755715"
"5000,54,""WQS"",-138.560770764602,1.01488131758155,1,1.01386472049455"
"100,55,""Lasso_min"",-16.1659090053876,11.0697828731862,0,0.950792938776665"
"100,55,""Lasso_1se"",-13.2570964985066,19.6331210436858,1,1.06960918014986"
"100,55,""AdaptLasso_min"",-16.7604772626132,10.8383853096053,0.8,1.04416392047219"
"100,55,""AdaptLasso_1se"",-16.4052115083677,16.8741904773946,1,1.09077950582346"
"100,55,""Elastic_Net_min"",-16.1134435099789,10.9412540845436,0,0.951679523252807"
"100,55,""Elastic_Net_1se"",-12.5857721154884,20.8476452956456,0.8,1.07430587875075"
"100,55,""WQS"",-119.96167983722,8.71631848205372,1,1.0505725014769"
"500,55,""Lasso_min"",0.0205171589860137,3.93385896645221,0.8,0.956055939383658"
"500,55,""Lasso_1se"",-0.316458226963048,11.7031356196138,0.8,0.985242102491306"
"500,55,""AdaptLasso_min"",0.11507223913475,3.05198410963909,0.8,0.955371760798397"
"500,55,""AdaptLasso_1se"",0.0268217354437057,5.26788040046603,1,0.981560498455813"
"500,55,""Elastic_Net_min"",0.0155102657842125,3.9534723179363,0.6,0.9557312644587"
"500,55,""Elastic_Net_1se"",-0.284102235807379,10.2981736788535,0.8,0.975243618283814"
"500,55,""WQS"",-119.553382577111,2.8110819581611,1,0.971393415362983"
"1000,55,""Lasso_min"",-0.331761302414042,2.62020347242202,0.6,0.990526575995261"
"1000,55,""Lasso_1se"",-0.831139664608116,7.96053582137229,0.4,1.01093469028823"
"1000,55,""AdaptLasso_min"",-0.207639692342662,2.53712142092484,0.8,0.990485456987423"
"1000,55,""AdaptLasso_1se"",0.503573797806912,2.90997516955061,1,1.01310085646727"
"1000,55,""Elastic_Net_min"",-0.338149802952872,2.61235508892123,0.6,0.990494427978258"
"1000,55,""Elastic_Net_1se"",-1.06695909037119,9.83960572660134,0.4,1.01851346955751"
"1000,55,""WQS"",-112.126869189812,2.57997048527671,1,1.00354516856598"
"5000,55,""Lasso_min"",1.10521792831525,0.679481722505961,0.8,0.99263690299167"
"5000,55,""Lasso_1se"",1.07610704133942,3.95587414114578,0.8,1.00070688161761"
"5000,55,""AdaptLasso_min"",1.11102852642163,0.927335547362045,1,0.992620599184612"
"5000,55,""AdaptLasso_1se"",1.09895606657641,0.719790789000356,1,0.997832686459432"
"5000,55,""Elastic_Net_min"",1.10421952516792,0.658501956958084,0.8,0.992636724215788"
"5000,55,""Elastic_Net_1se"",1.07916282527626,3.26898140602923,0.8,0.998048916755715"
"5000,55,""WQS"",-138.560770764602,1.01488131758155,1,1.01386472049455"
"100,56,""Lasso_min"",-16.1659090053876,11.0697828731862,0,0.950792938776665"
"100,56,""Lasso_1se"",-13.2570964985066,19.6331210436858,1,1.06960918014986"
"100,56,""AdaptLasso_min"",-16.7604772626132,10.8383853096053,0.8,1.04416392047219"
"100,56,""AdaptLasso_1se"",-16.4052115083677,16.8741904773946,1,1.09077950582346"
"100,56,""Elastic_Net_min"",-16.1134435099789,10.9412540845436,0,0.951679523252807"
"100,56,""Elastic_Net_1se"",-12.5857721154884,20.8476452956456,0.8,1.07430587875075"
"100,56,""WQS"",-119.96167983722,8.71631848205372,1,1.0505725014769"
"500,56,""Lasso_min"",0.0205171589860137,3.93385896645221,0.8,0.956055939383658"
"500,56,""Lasso_1se"",-0.316458226963048,11.7031356196138,0.8,0.985242102491306"
"500,56,""AdaptLasso_min"",0.11507223913475,3.05198410963909,0.8,0.955371760798397"
"500,56,""AdaptLasso_1se"",0.0268217354437057,5.26788040046603,1,0.981560498455813"
"500,56,""Elastic_Net_min"",0.0155102657842125,3.9534723179363,0.6,0.9557312644587"
"500,56,""Elastic_Net_1se"",-0.284102235807379,10.2981736788535,0.8,0.975243618283814"
"500,56,""WQS"",-119.553382577111,2.8110819581611,1,0.971393415362983"
"1000,56,""Lasso_min"",-0.331761302414042,2.62020347242202,0.6,0.990526575995261"
"1000,56,""Lasso_1se"",-0.831139664608116,7.96053582137229,0.4,1.01093469028823"
"1000,56,""AdaptLasso_min"",-0.207639692342662,2.53712142092484,0.8,0.990485456987423"
"1000,56,""AdaptLasso_1se"",0.503573797806912,2.90997516955061,1,1.01310085646727"
"1000,56,""Elastic_Net_min"",-0.338149802952872,2.61235508892123,0.6,0.990494427978258"
"1000,56,""Elastic_Net_1se"",-1.06695909037119,9.83960572660134,0.4,1.01851346955751"
"1000,56,""WQS"",-112.126869189812,2.57997048527671,1,1.00354516856598"
"5000,56,""Lasso_min"",1.10521792831525,0.679481722505961,0.8,0.99263690299167"
"5000,56,""Lasso_1se"",1.07610704133942,3.95587414114578,0.8,1.00070688161761"
"5000,56,""AdaptLasso_min"",1.11102852642163,0.927335547362045,1,0.992620599184612"
"5000,56,""AdaptLasso_1se"",1.09895606657641,0.719790789000356,1,0.997832686459432"
"5000,56,""Elastic_Net_min"",1.10421952516792,0.658501956958084,0.8,0.992636724215788"
"5000,56,""Elastic_Net_1se"",1.07916282527626,3.26898140602923,0.8,0.998048916755715"
"5000,56,""WQS"",-138.560770764602,1.01488131758155,1,1.01386472049455"
"100,57,""Lasso_min"",-16.1659090053876,11.0697828731862,0,0.950792938776665"
"100,57,""Lasso_1se"",-13.2570964985066,19.6331210436858,1,1.06960918014986"
"100,57,""AdaptLasso_min"",-16.7604772626132,10.8383853096053,0.8,1.04416392047219"
"100,57,""AdaptLasso_1se"",-16.4052115083677,16.8741904773946,1,1.09077950582346"
"100,57,""Elastic_Net_min"",-16.1134435099789,10.9412540845436,0,0.951679523252807"
"100,57,""Elastic_Net_1se"",-12.5857721154884,20.8476452956456,0.8,1.07430587875075"
"100,57,""WQS"",-119.96167983722,8.71631848205372,1,1.0505725014769"
"500,57,""Lasso_min"",0.0205171589860137,3.93385896645221,0.8,0.956055939383658"
"500,57,""Lasso_1se"",-0.316458226963048,11.7031356196138,0.8,0.985242102491306"
"500,57,""AdaptLasso_min"",0.11507223913475,3.05198410963909,0.8,0.955371760798397"
"500,57,""AdaptLasso_1se"",0.0268217354437057,5.26788040046603,1,0.981560498455813"
"500,57,""Elastic_Net_min"",0.0155102657842125,3.9534723179363,0.6,0.9557312644587"
"500,57,""Elastic_Net_1se"",-0.284102235807379,10.2981736788535,0.8,0.975243618283814"
"500,57,""WQS"",-119.553382577111,2.8110819581611,1,0.971393415362983"
"1000,57,""Lasso_min"",-0.331761302414042,2.62020347242202,0.6,0.990526575995261"
"1000,57,""Lasso_1se"",-0.831139664608116,7.96053582137229,0.4,1.01093469028823"
"1000,57,""AdaptLasso_min"",-0.207639692342662,2.53712142092484,0.8,0.990485456987423"
"1000,57,""AdaptLasso_1se"",0.503573797806912,2.90997516955061,1,1.01310085646727"
"1000,57,""Elastic_Net_min"",-0.338149802952872,2.61235508892123,0.6,0.990494427978258"
"1000,57,""Elastic_Net_1se"",-1.06695909037119,9.83960572660134,0.4,1.01851346955751"
"1000,57,""WQS"",-112.126869189812,2.57997048527671,1,1.00354516856598"
"5000,57,""Lasso_min"",1.10521792831525,0.679481722505961,0.8,0.99263690299167"
"5000,57,""Lasso_1se"",1.07610704133942,3.95587414114578,0.8,1.00070688161761"
"5000,57,""AdaptLasso_min"",1.11102852642163,0.927335547362045,1,0.992620599184612"
"5000,57,""AdaptLasso_1se"",1.09895606657641,0.719790789000356,1,0.997832686459432"
"5000,57,""Elastic_Net_min"",1.10421952516792,0.658501956958084,0.8,0.992636724215788"
"5000,57,""Elastic_Net_1se"",1.07916282527626,3.26898140602923,0.8,0.998048916755715"
"5000,57,""WQS"",-138.560770764602,1.01488131758155,1,1.01386472049455"
"100,58,""Lasso_min"",-16.1659090053876,11.0697828731862,0,0.950792938776665"
"100,58,""Lasso_1se"",-13.2570964985066,19.6331210436858,1,1.06960918014986"
"100,58,""AdaptLasso_min"",-16.7604772626132,10.8383853096053,0.8,1.04416392047219"
"100,58,""AdaptLasso_1se"",-16.4052115083677,16.8741904773946,1,1.09077950582346"
"100,58,""Elastic_Net_min"",-16.1134435099789,10.9412540845436,0,0.951679523252807"
"100,58,""Elastic_Net_1se"",-12.5857721154884,20.8476452956456,0.8,1.07430587875075"
"100,58,""WQS"",-119.96167983722,8.71631848205372,1,1.0505725014769"
"500,58,""Lasso_min"",0.0205171589860137,3.93385896645221,0.8,0.956055939383658"
"500,58,""Lasso_1se"",-0.316458226963048,11.7031356196138,0.8,0.985242102491306"
"500,58,""AdaptLasso_min"",0.11507223913475,3.05198410963909,0.8,0.955371760798397"
"500,58,""AdaptLasso_1se"",0.0268217354437057,5.26788040046603,1,0.981560498455813"
"500,58,""Elastic_Net_min"",0.0155102657842125,3.9534723179363,0.6,0.9557312644587"
"500,58,""Elastic_Net_1se"",-0.284102235807379,10.2981736788535,0.8,0.975243618283814"
"500,58,""WQS"",-119.553382577111,2.8110819581611,1,0.971393415362983"
"1000,58,""Lasso_min"",-0.331761302414042,2.62020347242202,0.6,0.990526575995261"
"1000,58,""Lasso_1se"",-0.831139664608116,7.96053582137229,0.4,1.01093469028823"
"1000,58,""AdaptLasso_min"",-0.207639692342662,2.53712142092484,0.8,0.990485456987423"
"1000,58,""AdaptLasso_1se"",0.503573797806912,2.90997516955061,1,1.01310085646727"
"1000,58,""Elastic_Net_min"",-0.338149802952872,2.61235508892123,0.6,0.990494427978258"
"1000,58,""Elastic_Net_1se"",-1.06695909037119,9.83960572660134,0.4,1.01851346955751"
"1000,58,""WQS"",-112.126869189812,2.57997048527671,1,1.00354516856598"
"5000,58,""Lasso_min"",1.10521792831525,0.679481722505961,0.8,0.99263690299167"
"5000,58,""Lasso_1se"",1.07610704133942,3.95587414114578,0.8,1.00070688161761"
"5000,58,""AdaptLasso_min"",1.11102852642163,0.927335547362045,1,0.992620599184612"
"5000,58,""AdaptLasso_1se"",1.09895606657641,0.719790789000356,1,0.997832686459432"
"5000,58,""Elastic_Net_min"",1.10421952516792,0.658501956958084,0.8,0.992636724215788"
"5000,58,""Elastic_Net_1se"",1.07916282527626,3.26898140602923,0.8,0.998048916755715"
"5000,58,""WQS"",-138.560770764602,1.01488131758155,1,1.01386472049455"
"100,59,""Lasso_min"",-16.1659090053876,11.0697828731862,0,0.950792938776665"
"100,59,""Lasso_1se"",-13.2570964985066,19.6331210436858,1,1.06960918014986"
"100,59,""AdaptLasso_min"",-16.7604772626132,10.8383853096053,0.8,1.04416392047219"
"100,59,""AdaptLasso_1se"",-16.4052115083677,16.8741904773946,1,1.09077950582346"
"100,59,""Elastic_Net_min"",-16.1134435099789,10.9412540845436,0,0.951679523252807"
"100,59,""Elastic_Net_1se"",-12.5857721154884,20.8476452956456,0.8,1.07430587875075"
"100,59,""WQS"",-119.96167983722,8.71631848205372,1,1.0505725014769"
"500,59,""Lasso_min"",0.0205171589860137,3.93385896645221,0.8,0.956055939383658"
"500,59,""Lasso_1se"",-0.316458226963048,11.7031356196138,0.8,0.985242102491306"
"500,59,""AdaptLasso_min"",0.11507223913475,3.05198410963909,0.8,0.955371760798397"
"500,59,""AdaptLasso_1se"",0.0268217354437057,5.26788040046603,1,0.981560498455813"
"500,59,""Elastic_Net_min"",0.0155102657842125,3.9534723179363,0.6,0.9557312644587"
"500,59,""Elastic_Net_1se"",-0.284102235807379,10.2981736788535,0.8,0.975243618283814"
"500,59,""WQS"",-119.553382577111,2.8110819581611,1,0.971393415362983"
"1000,59,""Lasso_min"",-0.331761302414042,2.62020347242202,0.6,0.990526575995261"
"1000,59,""Lasso_1se"",-0.831139664608116,7.96053582137229,0.4,1.01093469028823"
"1000,59,""AdaptLasso_min"",-0.207639692342662,2.53712142092484,0.8,0.990485456987423"
"1000,59,""AdaptLasso_1se"",0.503573797806912,2.90997516955061,1,1.01310085646727"
"1000,59,""Elastic_Net_min"",-0.338149802952872,2.61235508892123,0.6,0.990494427978258"
"1000,59,""Elastic_Net_1se"",-1.06695909037119,9.83960572660134,0.4,1.01851346955751"
"1000,59,""WQS"",-112.126869189812,2.57997048527671,1,1.00354516856598"
"5000,59,""Lasso_min"",1.10521792831525,0.679481722505961,0.8,0.99263690299167"
"5000,59,""Lasso_1se"",1.07610704133942,3.95587414114578,0.8,1.00070688161761"
"5000,59,""AdaptLasso_min"",1.11102852642163,0.927335547362045,1,0.992620599184612"
"5000,59,""AdaptLasso_1se"",1.09895606657641,0.719790789000356,1,0.997832686459432"
"5000,59,""Elastic_Net_min"",1.10421952516792,0.658501956958084,0.8,0.992636724215788"
"5000,59,""Elastic_Net_1se"",1.07916282527626,3.26898140602923,0.8,0.998048916755715"
"5000,59,""WQS"",-138.560770764602,1.01488131758155,1,1.01386472049455"
"100,60,""Lasso_min"",-16.1659090053876,11.0697828731862,0,0.950792938776665"
"100,60,""Lasso_1se"",-13.2570964985066,19.6331210436858,1,1.06960918014986"
"100,60,""AdaptLasso_min"",-16.7604772626132,10.8383853096053,0.8,1.04416392047219"
"100,60,""AdaptLasso_1se"",-16.4052115083677,16.8741904773946,1,1.09077950582346"
"100,60,""Elastic_Net_min"",-16.1134435099789,10.9412540845436,0,0.951679523252807"
"100,60,""Elastic_Net_1se"",-12.5857721154884,20.8476452956456,0.8,1.07430587875075"
"100,60,""WQS"",-119.96167983722,8.71631848205372,1,1.0505725014769"
"500,60,""Lasso_min"",0.0205171589860137,3.93385896645221,0.8,0.956055939383658"
"500,60,""Lasso_1se"",-0.316458226963048,11.7031356196138,0.8,0.985242102491306"
"500,60,""AdaptLasso_min"",0.11507223913475,3.05198410963909,0.8,0.955371760798397"
"500,60,""AdaptLasso_1se"",0.0268217354437057,5.26788040046603,1,0.981560498455813"
"500,60,""Elastic_Net_min"",0.0155102657842125,3.9534723179363,0.6,0.9557312644587"
"500,60,""Elastic_Net_1se"",-0.284102235807379,10.2981736788535,0.8,0.975243618283814"
"500,60,""WQS"",-119.553382577111,2.8110819581611,1,0.971393415362983"
"1000,60,""Lasso_min"",-0.331761302414042,2.62020347242202,0.6,0.990526575995261"
"1000,60,""Lasso_1se"",-0.831139664608116,7.96053582137229,0.4,1.01093469028823"
"1000,60,""AdaptLasso_min"",-0.207639692342662,2.53712142092484,0.8,0.990485456987423"
"1000,60,""AdaptLasso_1se"",0.503573797806912,2.90997516955061,1,1.01310085646727"
"1000,60,""Elastic_Net_min"",-0.338149802952872,2.61235508892123,0.6,0.990494427978258"
"1000,60,""Elastic_Net_1se"",-1.06695909037119,9.83960572660134,0.4,1.01851346955751"
"1000,60,""WQS"",-112.126869189812,2.57997048527671,1,1.00354516856598"
"5000,60,""Lasso_min"",1.10521792831525,0.679481722505961,0.8,0.99263690299167"
"5000,60,""Lasso_1se"",1.07610704133942,3.95587414114578,0.8,1.00070688161761"
"5000,60,""AdaptLasso_min"",1.11102852642163,0.927335547362045,1,0.992620599184612"
"5000,60,""AdaptLasso_1se"",1.09895606657641,0.719790789000356,1,0.997832686459432"
"5000,60,""Elastic_Net_min"",1.10421952516792,0.658501956958084,0.8,0.992636724215788"
"5000,60,""Elastic_Net_1se"",1.07916282527626,3.26898140602923,0.8,0.998048916755715"
"5000,60,""WQS"",-138.560770764602,1.01488131758155,1,1.01386472049455"
"100,61,""Lasso_min"",-16.1659090053876,11.0697828731862,0,0.950792938776665"
"100,61,""Lasso_1se"",-13.2570964985066,19.6331210436858,1,1.06960918014986"
"100,61,""AdaptLasso_min"",-16.7604772626132,10.8383853096053,0.8,1.04416392047219"
"100,61,""AdaptLasso_1se"",-16.4052115083677,16.8741904773946,1,1.09077950582346"
"100,61,""Elastic_Net_min"",-16.1134435099789,10.9412540845436,0,0.951679523252807"
"100,61,""Elastic_Net_1se"",-12.5857721154884,20.8476452956456,0.8,1.07430587875075"
"100,61,""WQS"",-119.96167983722,8.71631848205372,1,1.0505725014769"
"500,61,""Lasso_min"",0.0205171589860137,3.93385896645221,0.8,0.956055939383658"
"500,61,""Lasso_1se"",-0.316458226963048,11.7031356196138,0.8,0.985242102491306"
"500,61,""AdaptLasso_min"",0.11507223913475,3.05198410963909,0.8,0.955371760798397"
"500,61,""AdaptLasso_1se"",0.0268217354437057,5.26788040046603,1,0.981560498455813"
"500,61,""Elastic_Net_min"",0.0155102657842125,3.9534723179363,0.6,0.9557312644587"
"500,61,""Elastic_Net_1se"",-0.284102235807379,10.2981736788535,0.8,0.975243618283814"
"500,61,""WQS"",-119.553382577111,2.8110819581611,1,0.971393415362983"
"1000,61,""Lasso_min"",-0.331761302414042,2.62020347242202,0.6,0.990526575995261"
"1000,61,""Lasso_1se"",-0.831139664608116,7.96053582137229,0.4,1.01093469028823"
"1000,61,""AdaptLasso_min"",-0.207639692342662,2.53712142092484,0.8,0.990485456987423"
"1000,61,""AdaptLasso_1se"",0.503573797806912,2.90997516955061,1,1.01310085646727"
"1000,61,""Elastic_Net_min"",-0.338149802952872,2.61235508892123,0.6,0.990494427978258"
"1000,61,""Elastic_Net_1se"",-1.06695909037119,9.83960572660134,0.4,1.01851346955751"
"1000,61,""WQS"",-112.126869189812,2.57997048527671,1,1.00354516856598"
"5000,61,""Lasso_min"",1.10521792831525,0.679481722505961,0.8,0.99263690299167"
"5000,61,""Lasso_1se"",1.07610704133942,3.95587414114578,0.8,1.00070688161761"
"5000,61,""AdaptLasso_min"",1.11102852642163,0.927335547362045,1,0.992620599184612"
"5000,61,""AdaptLasso_1se"",1.09895606657641,0.719790789000356,1,0.997832686459432"
"5000,61,""Elastic_Net_min"",1.10421952516792,0.658501956958084,0.8,0.992636724215788"
"5000,61,""Elastic_Net_1se"",1.07916282527626,3.26898140602923,0.8,0.998048916755715"
"5000,61,""WQS"",-138.560770764602,1.01488131758155,1,1.01386472049455"
"100,62,""Lasso_min"",-16.1659090053876,11.0697828731862,0,0.950792938776665"
"100,62,""Lasso_1se"",-13.2570964985066,19.6331210436858,1,1.06960918014986"
"100,62,""AdaptLasso_min"",-16.7604772626132,10.8383853096053,0.8,1.04416392047219"
"100,62,""AdaptLasso_1se"",-16.4052115083677,16.8741904773946,1,1.09077950582346"
"100,62,""Elastic_Net_min"",-16.1134435099789,10.9412540845436,0,0.951679523252807"
"100,62,""Elastic_Net_1se"",-12.5857721154884,20.8476452956456,0.8,1.07430587875075"
"100,62,""WQS"",-119.96167983722,8.71631848205372,1,1.0505725014769"
"500,62,""Lasso_min"",0.0205171589860137,3.93385896645221,0.8,0.956055939383658"
"500,62,""Lasso_1se"",-0.316458226963048,11.7031356196138,0.8,0.985242102491306"
"500,62,""AdaptLasso_min"",0.11507223913475,3.05198410963909,0.8,0.955371760798397"
"500,62,""AdaptLasso_1se"",0.0268217354437057,5.26788040046603,1,0.981560498455813"
"500,62,""Elastic_Net_min"",0.0155102657842125,3.9534723179363,0.6,0.9557312644587"
"500,62,""Elastic_Net_1se"",-0.284102235807379,10.2981736788535,0.8,0.975243618283814"
"500,62,""WQS"",-119.553382577111,2.8110819581611,1,0.971393415362983"
"1000,62,""Lasso_min"",-0.331761302414042,2.62020347242202,0.6,0.990526575995261"
"1000,62,""Lasso_1se"",-0.831139664608116,7.96053582137229,0.4,1.01093469028823"
"1000,62,""AdaptLasso_min"",-0.207639692342662,2.53712142092484,0.8,0.990485456987423"
"1000,62,""AdaptLasso_1se"",0.503573797806912,2.90997516955061,1,1.01310085646727"
"1000,62,""Elastic_Net_min"",-0.338149802952872,2.61235508892123,0.6,0.990494427978258"
"1000,62,""Elastic_Net_1se"",-1.06695909037119,9.83960572660134,0.4,1.01851346955751"
"1000,62,""WQS"",-112.126869189812,2.57997048527671,1,1.00354516856598"
"5000,62,""Lasso_min"",1.10521792831525,0.679481722505961,0.8,0.99263690299167"
"5000,62,""Lasso_1se"",1.07610704133942,3.95587414114578,0.8,1.00070688161761"
"5000,62,""AdaptLasso_min"",1.11102852642163,0.927335547362045,1,0.992620599184612"
"5000,62,""AdaptLasso_1se"",1.09895606657641,0.719790789000356,1,0.997832686459432"
"5000,62,""Elastic_Net_min"",1.10421952516792,0.658501956958084,0.8,0.992636724215788"
"5000,62,""Elastic_Net_1se"",1.07916282527626,3.26898140602923,0.8,0.998048916755715"
"5000,62,""WQS"",-138.560770764602,1.01488131758155,1,1.01386472049455"
"100,63,""Lasso_min"",-16.1659090053876,11.0697828731862,0,0.950792938776665"
"100,63,""Lasso_1se"",-13.2570964985066,19.6331210436858,1,1.06960918014986"
"100,63,""AdaptLasso_min"",-16.7604772626132,10.8383853096053,0.8,1.04416392047219"
"100,63,""AdaptLasso_1se"",-16.4052115083677,16.8741904773946,1,1.09077950582346"
"100,63,""Elastic_Net_min"",-16.1134435099789,10.9412540845436,0,0.951679523252807"
"100,63,""Elastic_Net_1se"",-12.5857721154884,20.8476452956456,0.8,1.07430587875075"
"100,63,""WQS"",-119.96167983722,8.71631848205372,1,1.0505725014769"
"500,63,""Lasso_min"",0.0205171589860137,3.93385896645221,0.8,0.956055939383658"
"500,63,""Lasso_1se"",-0.316458226963048,11.7031356196138,0.8,0.985242102491306"
"500,63,""AdaptLasso_min"",0.11507223913475,3.05198410963909,0.8,0.955371760798397"
"500,63,""AdaptLasso_1se"",0.0268217354437057,5.26788040046603,1,0.981560498455813"
"500,63,""Elastic_Net_min"",0.0155102657842125,3.9534723179363,0.6,0.9557312644587"
"500,63,""Elastic_Net_1se"",-0.284102235807379,10.2981736788535,0.8,0.975243618283814"
"500,63,""WQS"",-119.553382577111,2.8110819581611,1,0.971393415362983"
"1000,63,""Lasso_min"",-0.331761302414042,2.62020347242202,0.6,0.990526575995261"
"1000,63,""Lasso_1se"",-0.831139664608116,7.96053582137229,0.4,1.01093469028823"
"1000,63,""AdaptLasso_min"",-0.207639692342662,2.53712142092484,0.8,0.990485456987423"
"1000,63,""AdaptLasso_1se"",0.503573797806912,2.90997516955061,1,1.01310085646727"
"1000,63,""Elastic_Net_min"",-0.338149802952872,2.61235508892123,0.6,0.990494427978258"
"1000,63,""Elastic_Net_1se"",-1.06695909037119,9.83960572660134,0.4,1.01851346955751"
"1000,63,""WQS"",-112.126869189812,2.57997048527671,1,1.00354516856598"
"5000,63,""Lasso_min"",1.10521792831525,0.679481722505961,0.8,0.99263690299167"
"5000,63,""Lasso_1se"",1.07610704133942,3.95587414114578,0.8,1.00070688161761"
"5000,63,""AdaptLasso_min"",1.11102852642163,0.927335547362045,1,0.992620599184612"
"5000,63,""AdaptLasso_1se"",1.09895606657641,0.719790789000356,1,0.997832686459432"
"5000,63,""Elastic_Net_min"",1.10421952516792,0.658501956958084,0.8,0.992636724215788"
"5000,63,""Elastic_Net_1se"",1.07916282527626,3.26898140602923,0.8,0.998048916755715"
"5000,63,""WQS"",-138.560770764602,1.01488131758155,1,1.01386472049455"
"100,64,""Lasso_min"",-16.1659090053876,11.0697828731862,0,0.950792938776665"
"100,64,""Lasso_1se"",-13.2570964985066,19.6331210436858,1,1.06960918014986"
"100,64,""AdaptLasso_min"",-16.7604772626132,10.8383853096053,0.8,1.04416392047219"
"100,64,""AdaptLasso_1se"",-16.4052115083677,16.8741904773946,1,1.09077950582346"
"100,64,""Elastic_Net_min"",-16.1134435099789,10.9412540845436,0,0.951679523252807"
"100,64,""Elastic_Net_1se"",-12.5857721154884,20.8476452956456,0.8,1.07430587875075"
"100,64,""WQS"",-119.96167983722,8.71631848205372,1,1.0505725014769"
"500,64,""Lasso_min"",0.0205171589860137,3.93385896645221,0.8,0.956055939383658"
"500,64,""Lasso_1se"",-0.316458226963048,11.7031356196138,0.8,0.985242102491306"
"500,64,""AdaptLasso_min"",0.11507223913475,3.05198410963909,0.8,0.955371760798397"
"500,64,""AdaptLasso_1se"",0.0268217354437057,5.26788040046603,1,0.981560498455813"
"500,64,""Elastic_Net_min"",0.0155102657842125,3.9534723179363,0.6,0.9557312644587"
"500,64,""Elastic_Net_1se"",-0.284102235807379,10.2981736788535,0.8,0.975243618283814"
"500,64,""WQS"",-119.553382577111,2.8110819581611,1,0.971393415362983"
"1000,64,""Lasso_min"",-0.331761302414042,2.62020347242202,0.6,0.990526575995261"
"1000,64,""Lasso_1se"",-0.831139664608116,7.96053582137229,0.4,1.01093469028823"
"1000,64,""AdaptLasso_min"",-0.207639692342662,2.53712142092484,0.8,0.990485456987423"
"1000,64,""AdaptLasso_1se"",0.503573797806912,2.90997516955061,1,1.01310085646727"
"1000,64,""Elastic_Net_min"",-0.338149802952872,2.61235508892123,0.6,0.990494427978258"
"1000,64,""Elastic_Net_1se"",-1.06695909037119,9.83960572660134,0.4,1.01851346955751"
"1000,64,""WQS"",-112.126869189812,2.57997048527671,1,1.00354516856598"
"5000,64,""Lasso_min"",1.10521792831525,0.679481722505961,0.8,0.99263690299167"
"5000,64,""Lasso_1se"",1.07610704133942,3.95587414114578,0.8,1.00070688161761"
"5000,64,""AdaptLasso_min"",1.11102852642163,0.927335547362045,1,0.992620599184612"
"5000,64,""AdaptLasso_1se"",1.09895606657641,0.719790789000356,1,0.997832686459432"
"5000,64,""Elastic_Net_min"",1.10421952516792,0.658501956958084,0.8,0.992636724215788"
"5000,64,""Elastic_Net_1se"",1.07916282527626,3.26898140602923,0.8,0.998048916755715"
"5000,64,""WQS"",-138.560770764602,1.01488131758155,1,1.01386472049455"
"100,65,""Lasso_min"",-16.1659090053876,11.0697828731862,0,0.950792938776665"
"100,65,""Lasso_1se"",-13.2570964985066,19.6331210436858,1,1.06960918014986"
"100,65,""AdaptLasso_min"",-16.7604772626132,10.8383853096053,0.8,1.04416392047219"
"100,65,""AdaptLasso_1se"",-16.4052115083677,16.8741904773946,1,1.09077950582346"
"100,65,""Elastic_Net_min"",-16.1134435099789,10.9412540845436,0,0.951679523252807"
"100,65,""Elastic_Net_1se"",-12.5857721154884,20.8476452956456,0.8,1.07430587875075"
"100,65,""WQS"",-119.96167983722,8.71631848205372,1,1.0505725014769"
"500,65,""Lasso_min"",0.0205171589860137,3.93385896645221,0.8,0.956055939383658"
"500,65,""Lasso_1se"",-0.316458226963048,11.7031356196138,0.8,0.985242102491306"
"500,65,""AdaptLasso_min"",0.11507223913475,3.05198410963909,0.8,0.955371760798397"
"500,65,""AdaptLasso_1se"",0.0268217354437057,5.26788040046603,1,0.981560498455813"
"500,65,""Elastic_Net_min"",0.0155102657842125,3.9534723179363,0.6,0.9557312644587"
"500,65,""Elastic_Net_1se"",-0.284102235807379,10.2981736788535,0.8,0.975243618283814"
"500,65,""WQS"",-119.553382577111,2.8110819581611,1,0.971393415362983"
"1000,65,""Lasso_min"",-0.331761302414042,2.62020347242202,0.6,0.990526575995261"
"1000,65,""Lasso_1se"",-0.831139664608116,7.96053582137229,0.4,1.01093469028823"
"1000,65,""AdaptLasso_min"",-0.207639692342662,2.53712142092484,0.8,0.990485456987423"
"1000,65,""AdaptLasso_1se"",0.503573797806912,2.90997516955061,1,1.01310085646727"
"1000,65,""Elastic_Net_min"",-0.338149802952872,2.61235508892123,0.6,0.990494427978258"
"1000,65,""Elastic_Net_1se"",-1.06695909037119,9.83960572660134,0.4,1.01851346955751"
"1000,65,""WQS"",-112.126869189812,2.57997048527671,1,1.00354516856598"
"5000,65,""Lasso_min"",1.10521792831525,0.679481722505961,0.8,0.99263690299167"
"5000,65,""Lasso_1se"",1.07610704133942,3.95587414114578,0.8,1.00070688161761"
"5000,65,""AdaptLasso_min"",1.11102852642163,0.927335547362045,1,0.992620599184612"
"5000,65,""AdaptLasso_1se"",1.09895606657641,0.719790789000356,1,0.997832686459432"
"5000,65,""Elastic_Net_min"",1.10421952516792,0.658501956958084,0.8,0.992636724215788"
"5000,65,""Elastic_Net_1se"",1.07916282527626,3.26898140602923,0.8,0.998048916755715"
"5000,65,""WQS"",-138.560770764602,1.01488131758155,1,1.01386472049455"
"100,66,""Lasso_min"",-16.1659090053876,11.0697828731862,0,0.950792938776665"
"100,66,""Lasso_1se"",-13.2570964985066,19.6331210436858,1,1.06960918014986"
"100,66,""AdaptLasso_min"",-16.7604772626132,10.8383853096053,0.8,1.04416392047219"
"100,66,""AdaptLasso_1se"",-16.4052115083677,16.8741904773946,1,1.09077950582346"
"100,66,""Elastic_Net_min"",-16.1134435099789,10.9412540845436,0,0.951679523252807"
"100,66,""Elastic_Net_1se"",-12.5857721154884,20.8476452956456,0.8,1.07430587875075"
"100,66,""WQS"",-119.96167983722,8.71631848205372,1,1.0505725014769"
"500,66,""Lasso_min"",0.0205171589860137,3.93385896645221,0.8,0.956055939383658"
"500,66,""Lasso_1se"",-0.316458226963048,11.7031356196138,0.8,0.985242102491306"
"500,66,""AdaptLasso_min"",0.11507223913475,3.05198410963909,0.8,0.955371760798397"
"500,66,""AdaptLasso_1se"",0.0268217354437057,5.26788040046603,1,0.981560498455813"
"500,66,""Elastic_Net_min"",0.0155102657842125,3.9534723179363,0.6,0.9557312644587"
"500,66,""Elastic_Net_1se"",-0.284102235807379,10.2981736788535,0.8,0.975243618283814"
"500,66,""WQS"",-119.553382577111,2.8110819581611,1,0.971393415362983"
"1000,66,""Lasso_min"",-0.331761302414042,2.62020347242202,0.6,0.990526575995261"
"1000,66,""Lasso_1se"",-0.831139664608116,7.96053582137229,0.4,1.01093469028823"
"1000,66,""AdaptLasso_min"",-0.207639692342662,2.53712142092484,0.8,0.990485456987423"
"1000,66,""AdaptLasso_1se"",0.503573797806912,2.90997516955061,1,1.01310085646727"
"1000,66,""Elastic_Net_min"",-0.338149802952872,2.61235508892123,0.6,0.990494427978258"
"1000,66,""Elastic_Net_1se"",-1.06695909037119,9.83960572660134,0.4,1.01851346955751"
"1000,66,""WQS"",-112.126869189812,2.57997048527671,1,1.00354516856598"
"5000,66,""Lasso_min"",1.10521792831525,0.679481722505961,0.8,0.99263690299167"
"5000,66,""Lasso_1se"",1.07610704133942,3.95587414114578,0.8,1.00070688161761"
"5000,66,""AdaptLasso_min"",1.11102852642163,0.927335547362045,1,0.992620599184612"
"5000,66,""AdaptLasso_1se"",1.09895606657641,0.719790789000356,1,0.997832686459432"
"5000,66,""Elastic_Net_min"",1.10421952516792,0.658501956958084,0.8,0.992636724215788"
"5000,66,""Elastic_Net_1se"",1.07916282527626,3.26898140602923,0.8,0.998048916755715"
"5000,66,""WQS"",-138.560770764602,1.01488131758155,1,1.01386472049455"
"100,67,""Lasso_min"",-16.1659090053876,11.0697828731862,0,0.950792938776665"
"100,67,""Lasso_1se"",-13.2570964985066,19.6331210436858,1,1.06960918014986"
"100,67,""AdaptLasso_min"",-16.7604772626132,10.8383853096053,0.8,1.04416392047219"
"100,67,""AdaptLasso_1se"",-16.4052115083677,16.8741904773946,1,1.09077950582346"
"100,67,""Elastic_Net_min"",-16.1134435099789,10.9412540845436,0,0.951679523252807"
"100,67,""Elastic_Net_1se"",-12.5857721154884,20.8476452956456,0.8,1.07430587875075"
"100,67,""WQS"",-119.96167983722,8.71631848205372,1,1.0505725014769"
"500,67,""Lasso_min"",0.0205171589860137,3.93385896645221,0.8,0.956055939383658"
"500,67,""Lasso_1se"",-0.316458226963048,11.7031356196138,0.8,0.985242102491306"
"500,67,""AdaptLasso_min"",0.11507223913475,3.05198410963909,0.8,0.955371760798397"
"500,67,""AdaptLasso_1se"",0.0268217354437057,5.26788040046603,1,0.981560498455813"
"500,67,""Elastic_Net_min"",0.0155102657842125,3.9534723179363,0.6,0.9557312644587"
"500,67,""Elastic_Net_1se"",-0.284102235807379,10.2981736788535,0.8,0.975243618283814"
"500,67,""WQS"",-119.553382577111,2.8110819581611,1,0.971393415362983"
"1000,67,""Lasso_min"",-0.331761302414042,2.62020347242202,0.6,0.990526575995261"
"1000,67,""Lasso_1se"",-0.831139664608116,7.96053582137229,0.4,1.01093469028823"
"1000,67,""AdaptLasso_min"",-0.207639692342662,2.53712142092484,0.8,0.990485456987423"
"1000,67,""AdaptLasso_1se"",0.503573797806912,2.90997516955061,1,1.01310085646727"
"1000,67,""Elastic_Net_min"",-0.338149802952872,2.61235508892123,0.6,0.990494427978258"
"1000,67,""Elastic_Net_1se"",-1.06695909037119,9.83960572660134,0.4,1.01851346955751"
"1000,67,""WQS"",-112.126869189812,2.57997048527671,1,1.00354516856598"
"5000,67,""Lasso_min"",1.10521792831525,0.679481722505961,0.8,0.99263690299167"
"5000,67,""Lasso_1se"",1.07610704133942,3.95587414114578,0.8,1.00070688161761"
"5000,67,""AdaptLasso_min"",1.11102852642163,0.927335547362045,1,0.992620599184612"
"5000,67,""AdaptLasso_1se"",1.09895606657641,0.719790789000356,1,0.997832686459432"
"5000,67,""Elastic_Net_min"",1.10421952516792,0.658501956958084,0.8,0.992636724215788"
"5000,67,""Elastic_Net_1se"",1.07916282527626,3.26898140602923,0.8,0.998048916755715"
"5000,67,""WQS"",-138.560770764602,1.01488131758155,1,1.01386472049455"
"100,68,""Lasso_min"",-16.1659090053876,11.0697828731862,0,0.950792938776665"
"100,68,""Lasso_1se"",-13.2570964985066,19.6331210436858,1,1.06960918014986"
"100,68,""AdaptLasso_min"",-16.7604772626132,10.8383853096053,0.8,1.04416392047219"
"100,68,""AdaptLasso_1se"",-16.4052115083677,16.8741904773946,1,1.09077950582346"
"100,68,""Elastic_Net_min"",-16.1134435099789,10.9412540845436,0,0.951679523252807"
"100,68,""Elastic_Net_1se"",-12.5857721154884,20.8476452956456,0.8,1.07430587875075"
"100,68,""WQS"",-119.96167983722,8.71631848205372,1,1.0505725014769"
"500,68,""Lasso_min"",0.0205171589860137,3.93385896645221,0.8,0.956055939383658"
"500,68,""Lasso_1se"",-0.316458226963048,11.7031356196138,0.8,0.985242102491306"
"500,68,""AdaptLasso_min"",0.11507223913475,3.05198410963909,0.8,0.955371760798397"
"500,68,""AdaptLasso_1se"",0.0268217354437057,5.26788040046603,1,0.981560498455813"
"500,68,""Elastic_Net_min"",0.0155102657842125,3.9534723179363,0.6,0.9557312644587"
"500,68,""Elastic_Net_1se"",-0.284102235807379,10.2981736788535,0.8,0.975243618283814"
"500,68,""WQS"",-119.553382577111,2.8110819581611,1,0.971393415362983"
"1000,68,""Lasso_min"",-0.331761302414042,2.62020347242202,0.6,0.990526575995261"
"1000,68,""Lasso_1se"",-0.831139664608116,7.96053582137229,0.4,1.01093469028823"
"1000,68,""AdaptLasso_min"",-0.207639692342662,2.53712142092484,0.8,0.990485456987423"
"1000,68,""AdaptLasso_1se"",0.503573797806912,2.90997516955061,1,1.01310085646727"
"1000,68,""Elastic_Net_min"",-0.338149802952872,2.61235508892123,0.6,0.990494427978258"
"1000,68,""Elastic_Net_1se"",-1.06695909037119,9.83960572660134,0.4,1.01851346955751"
"1000,68,""WQS"",-112.126869189812,2.57997048527671,1,1.00354516856598"
"5000,68,""Lasso_min"",1.10521792831525,0.679481722505961,0.8,0.99263690299167"
"5000,68,""Lasso_1se"",1.07610704133942,3.95587414114578,0.8,1.00070688161761"
"5000,68,""AdaptLasso_min"",1.11102852642163,0.927335547362045,1,0.992620599184612"
"5000,68,""AdaptLasso_1se"",1.09895606657641,0.719790789000356,1,0.997832686459432"
"5000,68,""Elastic_Net_min"",1.10421952516792,0.658501956958084,0.8,0.992636724215788"
"5000,68,""Elastic_Net_1se"",1.07916282527626,3.26898140602923,0.8,0.998048916755715"
"5000,68,""WQS"",-138.560770764602,1.01488131758155,1,1.01386472049455"
"100,69,""Lasso_min"",-16.1659090053876,11.0697828731862,0,0.950792938776665"
"100,69,""Lasso_1se"",-13.2570964985066,19.6331210436858,1,1.06960918014986"
"100,69,""AdaptLasso_min"",-16.7604772626132,10.8383853096053,0.8,1.04416392047219"
"100,69,""AdaptLasso_1se"",-16.4052115083677,16.8741904773946,1,1.09077950582346"
"100,69,""Elastic_Net_min"",-16.1134435099789,10.9412540845436,0,0.951679523252807"
"100,69,""Elastic_Net_1se"",-12.5857721154884,20.8476452956456,0.8,1.07430587875075"
"100,69,""WQS"",-119.96167983722,8.71631848205372,1,1.0505725014769"
"500,69,""Lasso_min"",0.0205171589860137,3.93385896645221,0.8,0.956055939383658"
"500,69,""Lasso_1se"",-0.316458226963048,11.7031356196138,0.8,0.985242102491306"
"500,69,""AdaptLasso_min"",0.11507223913475,3.05198410963909,0.8,0.955371760798397"
"500,69,""AdaptLasso_1se"",0.0268217354437057,5.26788040046603,1,0.981560498455813"
"500,69,""Elastic_Net_min"",0.0155102657842125,3.9534723179363,0.6,0.9557312644587"
"500,69,""Elastic_Net_1se"",-0.284102235807379,10.2981736788535,0.8,0.975243618283814"
"500,69,""WQS"",-119.553382577111,2.8110819581611,1,0.971393415362983"
"1000,69,""Lasso_min"",-0.331761302414042,2.62020347242202,0.6,0.990526575995261"
"1000,69,""Lasso_1se"",-0.831139664608116,7.96053582137229,0.4,1.01093469028823"
"1000,69,""AdaptLasso_min"",-0.207639692342662,2.53712142092484,0.8,0.990485456987423"
"1000,69,""AdaptLasso_1se"",0.503573797806912,2.90997516955061,1,1.01310085646727"
"1000,69,""Elastic_Net_min"",-0.338149802952872,2.61235508892123,0.6,0.990494427978258"
"1000,69,""Elastic_Net_1se"",-1.06695909037119,9.83960572660134,0.4,1.01851346955751"
"1000,69,""WQS"",-112.126869189812,2.57997048527671,1,1.00354516856598"
"5000,69,""Lasso_min"",1.10521792831525,0.679481722505961,0.8,0.99263690299167"
"5000,69,""Lasso_1se"",1.07610704133942,3.95587414114578,0.8,1.00070688161761"
"5000,69,""AdaptLasso_min"",1.11102852642163,0.927335547362045,1,0.992620599184612"
"5000,69,""AdaptLasso_1se"",1.09895606657641,0.719790789000356,1,0.997832686459432"
"5000,69,""Elastic_Net_min"",1.10421952516792,0.658501956958084,0.8,0.992636724215788"
"5000,69,""Elastic_Net_1se"",1.07916282527626,3.26898140602923,0.8,0.998048916755715"
"5000,69,""WQS"",-138.560770764602,1.01488131758155,1,1.01386472049455"
"100,70,""Lasso_min"",-16.1659090053876,11.0697828731862,0,0.950792938776665"
"100,70,""Lasso_1se"",-13.2570964985066,19.6331210436858,1,1.06960918014986"
"100,70,""AdaptLasso_min"",-16.7604772626132,10.8383853096053,0.8,1.04416392047219"
"100,70,""AdaptLasso_1se"",-16.4052115083677,16.8741904773946,1,1.09077950582346"
"100,70,""Elastic_Net_min"",-16.1134435099789,10.9412540845436,0,0.951679523252807"
"100,70,""Elastic_Net_1se"",-12.5857721154884,20.8476452956456,0.8,1.07430587875075"
"100,70,""WQS"",-119.96167983722,8.71631848205372,1,1.0505725014769"
"500,70,""Lasso_min"",0.0205171589860137,3.93385896645221,0.8,0.956055939383658"
"500,70,""Lasso_1se"",-0.316458226963048,11.7031356196138,0.8,0.985242102491306"
"500,70,""AdaptLasso_min"",0.11507223913475,3.05198410963909,0.8,0.955371760798397"
"500,70,""AdaptLasso_1se"",0.0268217354437057,5.26788040046603,1,0.981560498455813"
"500,70,""Elastic_Net_min"",0.0155102657842125,3.9534723179363,0.6,0.9557312644587"
"500,70,""Elastic_Net_1se"",-0.284102235807379,10.2981736788535,0.8,0.975243618283814"
"500,70,""WQS"",-119.553382577111,2.8110819581611,1,0.971393415362983"
"1000,70,""Lasso_min"",-0.331761302414042,2.62020347242202,0.6,0.990526575995261"
"1000,70,""Lasso_1se"",-0.831139664608116,7.96053582137229,0.4,1.01093469028823"
"1000,70,""AdaptLasso_min"",-0.207639692342662,2.53712142092484,0.8,0.990485456987423"
"1000,70,""AdaptLasso_1se"",0.503573797806912,2.90997516955061,1,1.01310085646727"
"1000,70,""Elastic_Net_min"",-0.338149802952872,2.61235508892123,0.6,0.990494427978258"
"1000,70,""Elastic_Net_1se"",-1.06695909037119,9.83960572660134,0.4,1.01851346955751"
"1000,70,""WQS"",-112.126869189812,2.57997048527671,1,1.00354516856598"
"5000,70,""Lasso_min"",1.10521792831525,0.679481722505961,0.8,0.99263690299167"
"5000,70,""Lasso_1se"",1.07610704133942,3.95587414114578,0.8,1.00070688161761"
"5000,70,""AdaptLasso_min"",1.11102852642163,0.927335547362045,1,0.992620599184612"
"5000,70,""AdaptLasso_1se"",1.09895606657641,0.719790789000356,1,0.997832686459432"
"5000,70,""Elastic_Net_min"",1.10421952516792,0.658501956958084,0.8,0.992636724215788"
"5000,70,""Elastic_Net_1se"",1.07916282527626,3.26898140602923,0.8,0.998048916755715"
"5000,70,""WQS"",-138.560770764602,1.01488131758155,1,1.01386472049455"
"100,71,""Lasso_min"",-16.1659090053876,11.0697828731862,0,0.950792938776665"
"100,71,""Lasso_1se"",-13.2570964985066,19.6331210436858,1,1.06960918014986"
"100,71,""AdaptLasso_min"",-16.7604772626132,10.8383853096053,0.8,1.04416392047219"
"100,71,""AdaptLasso_1se"",-16.4052115083677,16.8741904773946,1,1.09077950582346"
"100,71,""Elastic_Net_min"",-16.1134435099789,10.9412540845436,0,0.951679523252807"
"100,71,""Elastic_Net_1se"",-12.5857721154884,20.8476452956456,0.8,1.07430587875075"
"100,71,""WQS"",-119.96167983722,8.71631848205372,1,1.0505725014769"
"500,71,""Lasso_min"",0.0205171589860137,3.93385896645221,0.8,0.956055939383658"
"500,71,""Lasso_1se"",-0.316458226963048,11.7031356196138,0.8,0.985242102491306"
"500,71,""AdaptLasso_min"",0.11507223913475,3.05198410963909,0.8,0.955371760798397"
"500,71,""AdaptLasso_1se"",0.0268217354437057,5.26788040046603,1,0.981560498455813"
"500,71,""Elastic_Net_min"",0.0155102657842125,3.9534723179363,0.6,0.9557312644587"
"500,71,""Elastic_Net_1se"",-0.284102235807379,10.2981736788535,0.8,0.975243618283814"
"500,71,""WQS"",-119.553382577111,2.8110819581611,1,0.971393415362983"
"1000,71,""Lasso_min"",-0.331761302414042,2.62020347242202,0.6,0.990526575995261"
"1000,71,""Lasso_1se"",-0.831139664608116,7.96053582137229,0.4,1.01093469028823"
"1000,71,""AdaptLasso_min"",-0.207639692342662,2.53712142092484,0.8,0.990485456987423"
"1000,71,""AdaptLasso_1se"",0.503573797806912,2.90997516955061,1,1.01310085646727"
"1000,71,""Elastic_Net_min"",-0.338149802952872,2.61235508892123,0.6,0.990494427978258"
"1000,71,""Elastic_Net_1se"",-1.06695909037119,9.83960572660134,0.4,1.01851346955751"
"1000,71,""WQS"",-112.126869189812,2.57997048527671,1,1.00354516856598"
"5000,71,""Lasso_min"",1.10521792831525,0.679481722505961,0.8,0.99263690299167"
"5000,71,""Lasso_1se"",1.07610704133942,3.95587414114578,0.8,1.00070688161761"
"5000,71,""AdaptLasso_min"",1.11102852642163,0.927335547362045,1,0.992620599184612"
"5000,71,""AdaptLasso_1se"",1.09895606657641,0.719790789000356,1,0.997832686459432"
"5000,71,""Elastic_Net_min"",1.10421952516792,0.658501956958084,0.8,0.992636724215788"
"5000,71,""Elastic_Net_1se"",1.07916282527626,3.26898140602923,0.8,0.998048916755715"
"5000,71,""WQS"",-138.560770764602,1.01488131758155,1,1.01386472049455"
"100,72,""Lasso_min"",-16.1659090053876,11.0697828731862,0,0.950792938776665"
"100,72,""Lasso_1se"",-13.2570964985066,19.6331210436858,1,1.06960918014986"
"100,72,""AdaptLasso_min"",-16.7604772626132,10.8383853096053,0.8,1.04416392047219"
"100,72,""AdaptLasso_1se"",-16.4052115083677,16.8741904773946,1,1.09077950582346"
"100,72,""Elastic_Net_min"",-16.1134435099789,10.9412540845436,0,0.951679523252807"
"100,72,""Elastic_Net_1se"",-12.5857721154884,20.8476452956456,0.8,1.07430587875075"
"100,72,""WQS"",-119.96167983722,8.71631848205372,1,1.0505725014769"
"500,72,""Lasso_min"",0.0205171589860137,3.93385896645221,0.8,0.956055939383658"
"500,72,""Lasso_1se"",-0.316458226963048,11.7031356196138,0.8,0.985242102491306"
"500,72,""AdaptLasso_min"",0.11507223913475,3.05198410963909,0.8,0.955371760798397"
"500,72,""AdaptLasso_1se"",0.0268217354437057,5.26788040046603,1,0.981560498455813"
"500,72,""Elastic_Net_min"",0.0155102657842125,3.9534723179363,0.6,0.9557312644587"
"500,72,""Elastic_Net_1se"",-0.284102235807379,10.2981736788535,0.8,0.975243618283814"
"500,72,""WQS"",-119.553382577111,2.8110819581611,1,0.971393415362983"
"1000,72,""Lasso_min"",-0.331761302414042,2.62020347242202,0.6,0.990526575995261"
"1000,72,""Lasso_1se"",-0.831139664608116,7.96053582137229,0.4,1.01093469028823"
"1000,72,""AdaptLasso_min"",-0.207639692342662,2.53712142092484,0.8,0.990485456987423"
"1000,72,""AdaptLasso_1se"",0.503573797806912,2.90997516955061,1,1.01310085646727"
"1000,72,""Elastic_Net_min"",-0.338149802952872,2.61235508892123,0.6,0.990494427978258"
"1000,72,""Elastic_Net_1se"",-1.06695909037119,9.83960572660134,0.4,1.01851346955751"
"1000,72,""WQS"",-112.126869189812,2.57997048527671,1,1.00354516856598"
"5000,72,""Lasso_min"",1.10521792831525,0.679481722505961,0.8,0.99263690299167"
"5000,72,""Lasso_1se"",1.07610704133942,3.95587414114578,0.8,1.00070688161761"
"5000,72,""AdaptLasso_min"",1.11102852642163,0.927335547362045,1,0.992620599184612"
"5000,72,""AdaptLasso_1se"",1.09895606657641,0.719790789000356,1,0.997832686459432"
"5000,72,""Elastic_Net_min"",1.10421952516792,0.658501956958084,0.8,0.992636724215788"
"5000,72,""Elastic_Net_1se"",1.07916282527626,3.26898140602923,0.8,0.998048916755715"
"5000,72,""WQS"",-138.560770764602,1.01488131758155,1,1.01386472049455"
"100,73,""Lasso_min"",-16.1659090053876,11.0697828731862,0,0.950792938776665"
"100,73,""Lasso_1se"",-13.2570964985066,19.6331210436858,1,1.06960918014986"
"100,73,""AdaptLasso_min"",-16.7604772626132,10.8383853096053,0.8,1.04416392047219"
"100,73,""AdaptLasso_1se"",-16.4052115083677,16.8741904773946,1,1.09077950582346"
"100,73,""Elastic_Net_min"",-16.1134435099789,10.9412540845436,0,0.951679523252807"
"100,73,""Elastic_Net_1se"",-12.5857721154884,20.8476452956456,0.8,1.07430587875075"
"100,73,""WQS"",-119.96167983722,8.71631848205372,1,1.0505725014769"
"500,73,""Lasso_min"",0.0205171589860137,3.93385896645221,0.8,0.956055939383658"
"500,73,""Lasso_1se"",-0.316458226963048,11.7031356196138,0.8,0.985242102491306"
"500,73,""AdaptLasso_min"",0.11507223913475,3.05198410963909,0.8,0.955371760798397"
"500,73,""AdaptLasso_1se"",0.0268217354437057,5.26788040046603,1,0.981560498455813"
"500,73,""Elastic_Net_min"",0.0155102657842125,3.9534723179363,0.6,0.9557312644587"
"500,73,""Elastic_Net_1se"",-0.284102235807379,10.2981736788535,0.8,0.975243618283814"
"500,73,""WQS"",-119.553382577111,2.8110819581611,1,0.971393415362983"
"1000,73,""Lasso_min"",-0.331761302414042,2.62020347242202,0.6,0.990526575995261"
"1000,73,""Lasso_1se"",-0.831139664608116,7.96053582137229,0.4,1.01093469028823"
"1000,73,""AdaptLasso_min"",-0.207639692342662,2.53712142092484,0.8,0.990485456987423"
"1000,73,""AdaptLasso_1se"",0.503573797806912,2.90997516955061,1,1.01310085646727"
"1000,73,""Elastic_Net_min"",-0.338149802952872,2.61235508892123,0.6,0.990494427978258"
"1000,73,""Elastic_Net_1se"",-1.06695909037119,9.83960572660134,0.4,1.01851346955751"
"1000,73,""WQS"",-112.126869189812,2.57997048527671,1,1.00354516856598"
"5000,73,""Lasso_min"",1.10521792831525,0.679481722505961,0.8,0.99263690299167"
"5000,73,""Lasso_1se"",1.07610704133942,3.95587414114578,0.8,1.00070688161761"
"5000,73,""AdaptLasso_min"",1.11102852642163,0.927335547362045,1,0.992620599184612"
"5000,73,""AdaptLasso_1se"",1.09895606657641,0.719790789000356,1,0.997832686459432"
"5000,73,""Elastic_Net_min"",1.10421952516792,0.658501956958084,0.8,0.992636724215788"
"5000,73,""Elastic_Net_1se"",1.07916282527626,3.26898140602923,0.8,0.998048916755715"
"5000,73,""WQS"",-138.560770764602,1.01488131758155,1,1.01386472049455"
"100,74,""Lasso_min"",-16.1659090053876,11.0697828731862,0,0.950792938776665"
"100,74,""Lasso_1se"",-13.2570964985066,19.6331210436858,1,1.06960918014986"
"100,74,""AdaptLasso_min"",-16.7604772626132,10.8383853096053,0.8,1.04416392047219"
"100,74,""AdaptLasso_1se"",-16.4052115083677,16.8741904773946,1,1.09077950582346"
"100,74,""Elastic_Net_min"",-16.1134435099789,10.9412540845436,0,0.951679523252807"
"100,74,""Elastic_Net_1se"",-12.5857721154884,20.8476452956456,0.8,1.07430587875075"
"100,74,""WQS"",-119.96167983722,8.71631848205372,1,1.0505725014769"
"500,74,""Lasso_min"",0.0205171589860137,3.93385896645221,0.8,0.956055939383658"
"500,74,""Lasso_1se"",-0.316458226963048,11.7031356196138,0.8,0.985242102491306"
"500,74,""AdaptLasso_min"",0.11507223913475,3.05198410963909,0.8,0.955371760798397"
"500,74,""AdaptLasso_1se"",0.0268217354437057,5.26788040046603,1,0.981560498455813"
"500,74,""Elastic_Net_min"",0.0155102657842125,3.9534723179363,0.6,0.9557312644587"
"500,74,""Elastic_Net_1se"",-0.284102235807379,10.2981736788535,0.8,0.975243618283814"
"500,74,""WQS"",-119.553382577111,2.8110819581611,1,0.971393415362983"
"1000,74,""Lasso_min"",-0.331761302414042,2.62020347242202,0.6,0.990526575995261"
"1000,74,""Lasso_1se"",-0.831139664608116,7.96053582137229,0.4,1.01093469028823"
"1000,74,""AdaptLasso_min"",-0.207639692342662,2.53712142092484,0.8,0.990485456987423"
"1000,74,""AdaptLasso_1se"",0.503573797806912,2.90997516955061,1,1.01310085646727"
"1000,74,""Elastic_Net_min"",-0.338149802952872,2.61235508892123,0.6,0.990494427978258"
"1000,74,""Elastic_Net_1se"",-1.06695909037119,9.83960572660134,0.4,1.01851346955751"
"1000,74,""WQS"",-112.126869189812,2.57997048527671,1,1.00354516856598"
"5000,74,""Lasso_min"",1.10521792831525,0.679481722505961,0.8,0.99263690299167"
"5000,74,""Lasso_1se"",1.07610704133942,3.95587414114578,0.8,1.00070688161761"
"5000,74,""AdaptLasso_min"",1.11102852642163,0.927335547362045,1,0.992620599184612"
"5000,74,""AdaptLasso_1se"",1.09895606657641,0.719790789000356,1,0.997832686459432"
"5000,74,""Elastic_Net_min"",1.10421952516792,0.658501956958084,0.8,0.992636724215788"
"5000,74,""Elastic_Net_1se"",1.07916282527626,3.26898140602923,0.8,0.998048916755715"
"5000,74,""WQS"",-138.560770764602,1.01488131758155,1,1.01386472049455"
"100,75,""Lasso_min"",-16.1659090053876,11.0697828731862,0,0.950792938776665"
"100,75,""Lasso_1se"",-13.2570964985066,19.6331210436858,1,1.06960918014986"
"100,75,""AdaptLasso_min"",-16.7604772626132,10.8383853096053,0.8,1.04416392047219"
"100,75,""AdaptLasso_1se"",-16.4052115083677,16.8741904773946,1,1.09077950582346"
"100,75,""Elastic_Net_min"",-16.1134435099789,10.9412540845436,0,0.951679523252807"
"100,75,""Elastic_Net_1se"",-12.5857721154884,20.8476452956456,0.8,1.07430587875075"
"100,75,""WQS"",-119.96167983722,8.71631848205372,1,1.0505725014769"
"500,75,""Lasso_min"",0.0205171589860137,3.93385896645221,0.8,0.956055939383658"
"500,75,""Lasso_1se"",-0.316458226963048,11.7031356196138,0.8,0.985242102491306"
"500,75,""AdaptLasso_min"",0.11507223913475,3.05198410963909,0.8,0.955371760798397"
"500,75,""AdaptLasso_1se"",0.0268217354437057,5.26788040046603,1,0.981560498455813"
"500,75,""Elastic_Net_min"",0.0155102657842125,3.9534723179363,0.6,0.9557312644587"
"500,75,""Elastic_Net_1se"",-0.284102235807379,10.2981736788535,0.8,0.975243618283814"
"500,75,""WQS"",-119.553382577111,2.8110819581611,1,0.971393415362983"
"1000,75,""Lasso_min"",-0.331761302414042,2.62020347242202,0.6,0.990526575995261"
"1000,75,""Lasso_1se"",-0.831139664608116,7.96053582137229,0.4,1.01093469028823"
"1000,75,""AdaptLasso_min"",-0.207639692342662,2.53712142092484,0.8,0.990485456987423"
"1000,75,""AdaptLasso_1se"",0.503573797806912,2.90997516955061,1,1.01310085646727"
"1000,75,""Elastic_Net_min"",-0.338149802952872,2.61235508892123,0.6,0.990494427978258"
"1000,75,""Elastic_Net_1se"",-1.06695909037119,9.83960572660134,0.4,1.01851346955751"
"1000,75,""WQS"",-112.126869189812,2.57997048527671,1,1.00354516856598"
"5000,75,""Lasso_min"",1.10521792831525,0.679481722505961,0.8,0.99263690299167"
"5000,75,""Lasso_1se"",1.07610704133942,3.95587414114578,0.8,1.00070688161761"
"5000,75,""AdaptLasso_min"",1.11102852642163,0.927335547362045,1,0.992620599184612"
"5000,75,""AdaptLasso_1se"",1.09895606657641,0.719790789000356,1,0.997832686459432"
"5000,75,""Elastic_Net_min"",1.10421952516792,0.658501956958084,0.8,0.992636724215788"
"5000,75,""Elastic_Net_1se"",1.07916282527626,3.26898140602923,0.8,0.998048916755715"
"5000,75,""WQS"",-138.560770764602,1.01488131758155,1,1.01386472049455"
"100,76,""Lasso_min"",-16.1659090053876,11.0697828731862,0,0.950792938776665"
"100,76,""Lasso_1se"",-13.2570964985066,19.6331210436858,1,1.06960918014986"
"100,76,""AdaptLasso_min"",-16.7604772626132,10.8383853096053,0.8,1.04416392047219"
"100,76,""AdaptLasso_1se"",-16.4052115083677,16.8741904773946,1,1.09077950582346"
"100,76,""Elastic_Net_min"",-16.1134435099789,10.9412540845436,0,0.951679523252807"
"100,76,""Elastic_Net_1se"",-12.5857721154884,20.8476452956456,0.8,1.07430587875075"
"100,76,""WQS"",-119.96167983722,8.71631848205372,1,1.0505725014769"
"500,76,""Lasso_min"",0.0205171589860137,3.93385896645221,0.8,0.956055939383658"
"500,76,""Lasso_1se"",-0.316458226963048,11.7031356196138,0.8,0.985242102491306"
"500,76,""AdaptLasso_min"",0.11507223913475,3.05198410963909,0.8,0.955371760798397"
"500,76,""AdaptLasso_1se"",0.0268217354437057,5.26788040046603,1,0.981560498455813"
"500,76,""Elastic_Net_min"",0.0155102657842125,3.9534723179363,0.6,0.9557312644587"
"500,76,""Elastic_Net_1se"",-0.284102235807379,10.2981736788535,0.8,0.975243618283814"
"500,76,""WQS"",-119.553382577111,2.8110819581611,1,0.971393415362983"
"1000,76,""Lasso_min"",-0.331761302414042,2.62020347242202,0.6,0.990526575995261"
"1000,76,""Lasso_1se"",-0.831139664608116,7.96053582137229,0.4,1.01093469028823"
"1000,76,""AdaptLasso_min"",-0.207639692342662,2.53712142092484,0.8,0.990485456987423"
"1000,76,""AdaptLasso_1se"",0.503573797806912,2.90997516955061,1,1.01310085646727"
"1000,76,""Elastic_Net_min"",-0.338149802952872,2.61235508892123,0.6,0.990494427978258"
"1000,76,""Elastic_Net_1se"",-1.06695909037119,9.83960572660134,0.4,1.01851346955751"
"1000,76,""WQS"",-112.126869189812,2.57997048527671,1,1.00354516856598"
"5000,76,""Lasso_min"",1.10521792831525,0.679481722505961,0.8,0.99263690299167"
"5000,76,""Lasso_1se"",1.07610704133942,3.95587414114578,0.8,1.00070688161761"
"5000,76,""AdaptLasso_min"",1.11102852642163,0.927335547362045,1,0.992620599184612"
"5000,76,""AdaptLasso_1se"",1.09895606657641,0.719790789000356,1,0.997832686459432"
"5000,76,""Elastic_Net_min"",1.10421952516792,0.658501956958084,0.8,0.992636724215788"
"5000,76,""Elastic_Net_1se"",1.07916282527626,3.26898140602923,0.8,0.998048916755715"
"5000,76,""WQS"",-138.560770764602,1.01488131758155,1,1.01386472049455"
"100,77,""Lasso_min"",-16.1659090053876,11.0697828731862,0,0.950792938776665"
"100,77,""Lasso_1se"",-13.2570964985066,19.6331210436858,1,1.06960918014986"
"100,77,""AdaptLasso_min"",-16.7604772626132,10.8383853096053,0.8,1.04416392047219"
"100,77,""AdaptLasso_1se"",-16.4052115083677,16.8741904773946,1,1.09077950582346"
"100,77,""Elastic_Net_min"",-16.1134435099789,10.9412540845436,0,0.951679523252807"
"100,77,""Elastic_Net_1se"",-12.5857721154884,20.8476452956456,0.8,1.07430587875075"
"100,77,""WQS"",-119.96167983722,8.71631848205372,1,1.0505725014769"
"500,77,""Lasso_min"",0.0205171589860137,3.93385896645221,0.8,0.956055939383658"
"500,77,""Lasso_1se"",-0.316458226963048,11.7031356196138,0.8,0.985242102491306"
"500,77,""AdaptLasso_min"",0.11507223913475,3.05198410963909,0.8,0.955371760798397"
"500,77,""AdaptLasso_1se"",0.0268217354437057,5.26788040046603,1,0.981560498455813"
"500,77,""Elastic_Net_min"",0.0155102657842125,3.9534723179363,0.6,0.9557312644587"
"500,77,""Elastic_Net_1se"",-0.284102235807379,10.2981736788535,0.8,0.975243618283814"
"500,77,""WQS"",-119.553382577111,2.8110819581611,1,0.971393415362983"
"1000,77,""Lasso_min"",-0.331761302414042,2.62020347242202,0.6,0.990526575995261"
"1000,77,""Lasso_1se"",-0.831139664608116,7.96053582137229,0.4,1.01093469028823"
"1000,77,""AdaptLasso_min"",-0.207639692342662,2.53712142092484,0.8,0.990485456987423"
"1000,77,""AdaptLasso_1se"",0.503573797806912,2.90997516955061,1,1.01310085646727"
"1000,77,""Elastic_Net_min"",-0.338149802952872,2.61235508892123,0.6,0.990494427978258"
"1000,77,""Elastic_Net_1se"",-1.06695909037119,9.83960572660134,0.4,1.01851346955751"
"1000,77,""WQS"",-112.126869189812,2.57997048527671,1,1.00354516856598"
"5000,77,""Lasso_min"",1.10521792831525,0.679481722505961,0.8,0.99263690299167"
"5000,77,""Lasso_1se"",1.07610704133942,3.95587414114578,0.8,1.00070688161761"
"5000,77,""AdaptLasso_min"",1.11102852642163,0.927335547362045,1,0.992620599184612"
"5000,77,""AdaptLasso_1se"",1.09895606657641,0.719790789000356,1,0.997832686459432"
"5000,77,""Elastic_Net_min"",1.10421952516792,0.658501956958084,0.8,0.992636724215788"
"5000,77,""Elastic_Net_1se"",1.07916282527626,3.26898140602923,0.8,0.998048916755715"
"5000,77,""WQS"",-138.560770764602,1.01488131758155,1,1.01386472049455"
"100,78,""Lasso_min"",-16.1659090053876,11.0697828731862,0,0.950792938776665"
"100,78,""Lasso_1se"",-13.2570964985066,19.6331210436858,1,1.06960918014986"
"100,78,""AdaptLasso_min"",-16.7604772626132,10.8383853096053,0.8,1.04416392047219"
"100,78,""AdaptLasso_1se"",-16.4052115083677,16.8741904773946,1,1.09077950582346"
"100,78,""Elastic_Net_min"",-16.1134435099789,10.9412540845436,0,0.951679523252807"
"100,78,""Elastic_Net_1se"",-12.5857721154884,20.8476452956456,0.8,1.07430587875075"
"100,78,""WQS"",-119.96167983722,8.71631848205372,1,1.0505725014769"
"500,78,""Lasso_min"",0.0205171589860137,3.93385896645221,0.8,0.956055939383658"
"500,78,""Lasso_1se"",-0.316458226963048,11.7031356196138,0.8,0.985242102491306"
"500,78,""AdaptLasso_min"",0.11507223913475,3.05198410963909,0.8,0.955371760798397"
"500,78,""AdaptLasso_1se"",0.0268217354437057,5.26788040046603,1,0.981560498455813"
"500,78,""Elastic_Net_min"",0.0155102657842125,3.9534723179363,0.6,0.9557312644587"
"500,78,""Elastic_Net_1se"",-0.284102235807379,10.2981736788535,0.8,0.975243618283814"
"500,78,""WQS"",-119.553382577111,2.8110819581611,1,0.971393415362983"
"1000,78,""Lasso_min"",-0.331761302414042,2.62020347242202,0.6,0.990526575995261"
"1000,78,""Lasso_1se"",-0.831139664608116,7.96053582137229,0.4,1.01093469028823"
"1000,78,""AdaptLasso_min"",-0.207639692342662,2.53712142092484,0.8,0.990485456987423"
"1000,78,""AdaptLasso_1se"",0.503573797806912,2.90997516955061,1,1.01310085646727"
"1000,78,""Elastic_Net_min"",-0.338149802952872,2.61235508892123,0.6,0.990494427978258"
"1000,78,""Elastic_Net_1se"",-1.06695909037119,9.83960572660134,0.4,1.01851346955751"
"1000,78,""WQS"",-112.126869189812,2.57997048527671,1,1.00354516856598"
"5000,78,""Lasso_min"",1.10521792831525,0.679481722505961,0.8,0.99263690299167"
"5000,78,""Lasso_1se"",1.07610704133942,3.95587414114578,0.8,1.00070688161761"
"5000,78,""AdaptLasso_min"",1.11102852642163,0.927335547362045,1,0.992620599184612"
"5000,78,""AdaptLasso_1se"",1.09895606657641,0.719790789000356,1,0.997832686459432"
"5000,78,""Elastic_Net_min"",1.10421952516792,0.658501956958084,0.8,0.992636724215788"
"5000,78,""Elastic_Net_1se"",1.07916282527626,3.26898140602923,0.8,0.998048916755715"
"5000,78,""WQS"",-138.560770764602,1.01488131758155,1,1.01386472049455"
"100,79,""Lasso_min"",-16.1659090053876,11.0697828731862,0,0.950792938776665"
"100,79,""Lasso_1se"",-13.2570964985066,19.6331210436858,1,1.06960918014986"
"100,79,""AdaptLasso_min"",-16.7604772626132,10.8383853096053,0.8,1.04416392047219"
"100,79,""AdaptLasso_1se"",-16.4052115083677,16.8741904773946,1,1.09077950582346"
"100,79,""Elastic_Net_min"",-16.1134435099789,10.9412540845436,0,0.951679523252807"
"100,79,""Elastic_Net_1se"",-12.5857721154884,20.8476452956456,0.8,1.07430587875075"
"100,79,""WQS"",-119.96167983722,8.71631848205372,1,1.0505725014769"
"500,79,""Lasso_min"",0.0205171589860137,3.93385896645221,0.8,0.956055939383658"
"500,79,""Lasso_1se"",-0.316458226963048,11.7031356196138,0.8,0.985242102491306"
"500,79,""AdaptLasso_min"",0.11507223913475,3.05198410963909,0.8,0.955371760798397"
"500,79,""AdaptLasso_1se"",0.0268217354437057,5.26788040046603,1,0.981560498455813"
"500,79,""Elastic_Net_min"",0.0155102657842125,3.9534723179363,0.6,0.9557312644587"
"500,79,""Elastic_Net_1se"",-0.284102235807379,10.2981736788535,0.8,0.975243618283814"
"500,79,""WQS"",-119.553382577111,2.8110819581611,1,0.971393415362983"
"1000,79,""Lasso_min"",-0.331761302414042,2.62020347242202,0.6,0.990526575995261"
"1000,79,""Lasso_1se"",-0.831139664608116,7.96053582137229,0.4,1.01093469028823"
"1000,79,""AdaptLasso_min"",-0.207639692342662,2.53712142092484,0.8,0.990485456987423"
"1000,79,""AdaptLasso_1se"",0.503573797806912,2.90997516955061,1,1.01310085646727"
"1000,79,""Elastic_Net_min"",-0.338149802952872,2.61235508892123,0.6,0.990494427978258"
"1000,79,""Elastic_Net_1se"",-1.06695909037119,9.83960572660134,0.4,1.01851346955751"
"1000,79,""WQS"",-112.126869189812,2.57997048527671,1,1.00354516856598"
"5000,79,""Lasso_min"",1.10521792831525,0.679481722505961,0.8,0.99263690299167"
"5000,79,""Lasso_1se"",1.07610704133942,3.95587414114578,0.8,1.00070688161761"
"5000,79,""AdaptLasso_min"",1.11102852642163,0.927335547362045,1,0.992620599184612"
"5000,79,""AdaptLasso_1se"",1.09895606657641,0.719790789000356,1,0.997832686459432"
"5000,79,""Elastic_Net_min"",1.10421952516792,0.658501956958084,0.8,0.992636724215788"
"5000,79,""Elastic_Net_1se"",1.07916282527626,3.26898140602923,0.8,0.998048916755715"
"5000,79,""WQS"",-138.560770764602,1.01488131758155,1,1.01386472049455"
"100,80,""Lasso_min"",-16.1659090053876,11.0697828731862,0,0.950792938776665"
"100,80,""Lasso_1se"",-13.2570964985066,19.6331210436858,1,1.06960918014986"
"100,80,""AdaptLasso_min"",-16.7604772626132,10.8383853096053,0.8,1.04416392047219"
"100,80,""AdaptLasso_1se"",-16.4052115083677,16.8741904773946,1,1.09077950582346"
"100,80,""Elastic_Net_min"",-16.1134435099789,10.9412540845436,0,0.951679523252807"
"100,80,""Elastic_Net_1se"",-12.5857721154884,20.8476452956456,0.8,1.07430587875075"
"100,80,""WQS"",-119.96167983722,8.71631848205372,1,1.0505725014769"
"500,80,""Lasso_min"",0.0205171589860137,3.93385896645221,0.8,0.956055939383658"
"500,80,""Lasso_1se"",-0.316458226963048,11.7031356196138,0.8,0.985242102491306"
"500,80,""AdaptLasso_min"",0.11507223913475,3.05198410963909,0.8,0.955371760798397"
"500,80,""AdaptLasso_1se"",0.0268217354437057,5.26788040046603,1,0.981560498455813"
"500,80,""Elastic_Net_min"",0.0155102657842125,3.9534723179363,0.6,0.9557312644587"
"500,80,""Elastic_Net_1se"",-0.284102235807379,10.2981736788535,0.8,0.975243618283814"
"500,80,""WQS"",-119.553382577111,2.8110819581611,1,0.971393415362983"
"1000,80,""Lasso_min"",-0.331761302414042,2.62020347242202,0.6,0.990526575995261"
"1000,80,""Lasso_1se"",-0.831139664608116,7.96053582137229,0.4,1.01093469028823"
"1000,80,""AdaptLasso_min"",-0.207639692342662,2.53712142092484,0.8,0.990485456987423"
"1000,80,""AdaptLasso_1se"",0.503573797806912,2.90997516955061,1,1.01310085646727"
"1000,80,""Elastic_Net_min"",-0.338149802952872,2.61235508892123,0.6,0.990494427978258"
"1000,80,""Elastic_Net_1se"",-1.06695909037119,9.83960572660134,0.4,1.01851346955751"
"1000,80,""WQS"",-112.126869189812,2.57997048527671,1,1.00354516856598"
"5000,80,""Lasso_min"",1.10521792831525,0.679481722505961,0.8,0.99263690299167"
"5000,80,""Lasso_1se"",1.07610704133942,3.95587414114578,0.8,1.00070688161761"
"5000,80,""AdaptLasso_min"",1.11102852642163,0.927335547362045,1,0.992620599184612"
"5000,80,""AdaptLasso_1se"",1.09895606657641,0.719790789000356,1,0.997832686459432"
"5000,80,""Elastic_Net_min"",1.10421952516792,0.658501956958084,0.8,0.992636724215788"
"5000,80,""Elastic_Net_1se"",1.07916282527626,3.26898140602923,0.8,0.998048916755715"
"5000,80,""WQS"",-138.560770764602,1.01488131758155,1,1.01386472049455"
"100,81,""Lasso_min"",-16.1659090053876,11.0697828731862,0,0.950792938776665"
"100,81,""Lasso_1se"",-13.2570964985066,19.6331210436858,1,1.06960918014986"
"100,81,""AdaptLasso_min"",-16.7604772626132,10.8383853096053,0.8,1.04416392047219"
"100,81,""AdaptLasso_1se"",-16.4052115083677,16.8741904773946,1,1.09077950582346"
"100,81,""Elastic_Net_min"",-16.1134435099789,10.9412540845436,0,0.951679523252807"
"100,81,""Elastic_Net_1se"",-12.5857721154884,20.8476452956456,0.8,1.07430587875075"
"100,81,""WQS"",-119.96167983722,8.71631848205372,1,1.0505725014769"
"500,81,""Lasso_min"",0.0205171589860137,3.93385896645221,0.8,0.956055939383658"
"500,81,""Lasso_1se"",-0.316458226963048,11.7031356196138,0.8,0.985242102491306"
"500,81,""AdaptLasso_min"",0.11507223913475,3.05198410963909,0.8,0.955371760798397"
"500,81,""AdaptLasso_1se"",0.0268217354437057,5.26788040046603,1,0.981560498455813"
"500,81,""Elastic_Net_min"",0.0155102657842125,3.9534723179363,0.6,0.9557312644587"
"500,81,""Elastic_Net_1se"",-0.284102235807379,10.2981736788535,0.8,0.975243618283814"
"500,81,""WQS"",-119.553382577111,2.8110819581611,1,0.971393415362983"
"1000,81,""Lasso_min"",-0.331761302414042,2.62020347242202,0.6,0.990526575995261"
"1000,81,""Lasso_1se"",-0.831139664608116,7.96053582137229,0.4,1.01093469028823"
"1000,81,""AdaptLasso_min"",-0.207639692342662,2.53712142092484,0.8,0.990485456987423"
"1000,81,""AdaptLasso_1se"",0.503573797806912,2.90997516955061,1,1.01310085646727"
"1000,81,""Elastic_Net_min"",-0.338149802952872,2.61235508892123,0.6,0.990494427978258"
"1000,81,""Elastic_Net_1se"",-1.06695909037119,9.83960572660134,0.4,1.01851346955751"
"1000,81,""WQS"",-112.126869189812,2.57997048527671,1,1.00354516856598"
"5000,81,""Lasso_min"",1.10521792831525,0.679481722505961,0.8,0.99263690299167"
"5000,81,""Lasso_1se"",1.07610704133942,3.95587414114578,0.8,1.00070688161761"
"5000,81,""AdaptLasso_min"",1.11102852642163,0.927335547362045,1,0.992620599184612"
"5000,81,""AdaptLasso_1se"",1.09895606657641,0.719790789000356,1,0.997832686459432"
"5000,81,""Elastic_Net_min"",1.10421952516792,0.658501956958084,0.8,0.992636724215788"
"5000,81,""Elastic_Net_1se"",1.07916282527626,3.26898140602923,0.8,0.998048916755715"
"5000,81,""WQS"",-138.560770764602,1.01488131758155,1,1.01386472049455"
"100,82,""Lasso_min"",-16.1659090053876,11.0697828731862,0,0.950792938776665"
"100,82,""Lasso_1se"",-13.2570964985066,19.6331210436858,1,1.06960918014986"
"100,82,""AdaptLasso_min"",-16.7604772626132,10.8383853096053,0.8,1.04416392047219"
"100,82,""AdaptLasso_1se"",-16.4052115083677,16.8741904773946,1,1.09077950582346"
"100,82,""Elastic_Net_min"",-16.1134435099789,10.9412540845436,0,0.951679523252807"
"100,82,""Elastic_Net_1se"",-12.5857721154884,20.8476452956456,0.8,1.07430587875075"
"100,82,""WQS"",-119.96167983722,8.71631848205372,1,1.0505725014769"
"500,82,""Lasso_min"",0.0205171589860137,3.93385896645221,0.8,0.956055939383658"
"500,82,""Lasso_1se"",-0.316458226963048,11.7031356196138,0.8,0.985242102491306"
"500,82,""AdaptLasso_min"",0.11507223913475,3.05198410963909,0.8,0.955371760798397"
"500,82,""AdaptLasso_1se"",0.0268217354437057,5.26788040046603,1,0.981560498455813"
"500,82,""Elastic_Net_min"",0.0155102657842125,3.9534723179363,0.6,0.9557312644587"
"500,82,""Elastic_Net_1se"",-0.284102235807379,10.2981736788535,0.8,0.975243618283814"
"500,82,""WQS"",-119.553382577111,2.8110819581611,1,0.971393415362983"
"1000,82,""Lasso_min"",-0.331761302414042,2.62020347242202,0.6,0.990526575995261"
"1000,82,""Lasso_1se"",-0.831139664608116,7.96053582137229,0.4,1.01093469028823"
"1000,82,""AdaptLasso_min"",-0.207639692342662,2.53712142092484,0.8,0.990485456987423"
"1000,82,""AdaptLasso_1se"",0.503573797806912,2.90997516955061,1,1.01310085646727"
"1000,82,""Elastic_Net_min"",-0.338149802952872,2.61235508892123,0.6,0.990494427978258"
"1000,82,""Elastic_Net_1se"",-1.06695909037119,9.83960572660134,0.4,1.01851346955751"
"1000,82,""WQS"",-112.126869189812,2.57997048527671,1,1.00354516856598"
"5000,82,""Lasso_min"",1.10521792831525,0.679481722505961,0.8,0.99263690299167"
"5000,82,""Lasso_1se"",1.07610704133942,3.95587414114578,0.8,1.00070688161761"
"5000,82,""AdaptLasso_min"",1.11102852642163,0.927335547362045,1,0.992620599184612"
"5000,82,""AdaptLasso_1se"",1.09895606657641,0.719790789000356,1,0.997832686459432"
"5000,82,""Elastic_Net_min"",1.10421952516792,0.658501956958084,0.8,0.992636724215788"
"5000,82,""Elastic_Net_1se"",1.07916282527626,3.26898140602923,0.8,0.998048916755715"
"5000,82,""WQS"",-138.560770764602,1.01488131758155,1,1.01386472049455"
"100,83,""Lasso_min"",-16.1659090053876,11.0697828731862,0,0.950792938776665"
"100,83,""Lasso_1se"",-13.2570964985066,19.6331210436858,1,1.06960918014986"
"100,83,""AdaptLasso_min"",-16.7604772626132,10.8383853096053,0.8,1.04416392047219"
"100,83,""AdaptLasso_1se"",-16.4052115083677,16.8741904773946,1,1.09077950582346"
"100,83,""Elastic_Net_min"",-16.1134435099789,10.9412540845436,0,0.951679523252807"
"100,83,""Elastic_Net_1se"",-12.5857721154884,20.8476452956456,0.8,1.07430587875075"
"100,83,""WQS"",-119.96167983722,8.71631848205372,1,1.0505725014769"
"500,83,""Lasso_min"",0.0205171589860137,3.93385896645221,0.8,0.956055939383658"
"500,83,""Lasso_1se"",-0.316458226963048,11.7031356196138,0.8,0.985242102491306"
"500,83,""AdaptLasso_min"",0.11507223913475,3.05198410963909,0.8,0.955371760798397"
"500,83,""AdaptLasso_1se"",0.0268217354437057,5.26788040046603,1,0.981560498455813"
"500,83,""Elastic_Net_min"",0.0155102657842125,3.9534723179363,0.6,0.9557312644587"
"500,83,""Elastic_Net_1se"",-0.284102235807379,10.2981736788535,0.8,0.975243618283814"
"500,83,""WQS"",-119.553382577111,2.8110819581611,1,0.971393415362983"
"1000,83,""Lasso_min"",-0.331761302414042,2.62020347242202,0.6,0.990526575995261"
"1000,83,""Lasso_1se"",-0.831139664608116,7.96053582137229,0.4,1.01093469028823"
"1000,83,""AdaptLasso_min"",-0.207639692342662,2.53712142092484,0.8,0.990485456987423"
"1000,83,""AdaptLasso_1se"",0.503573797806912,2.90997516955061,1,1.01310085646727"
"1000,83,""Elastic_Net_min"",-0.338149802952872,2.61235508892123,0.6,0.990494427978258"
"1000,83,""Elastic_Net_1se"",-1.06695909037119,9.83960572660134,0.4,1.01851346955751"
"1000,83,""WQS"",-112.126869189812,2.57997048527671,1,1.00354516856598"
"5000,83,""Lasso_min"",1.10521792831525,0.679481722505961,0.8,0.99263690299167"
"5000,83,""Lasso_1se"",1.07610704133942,3.95587414114578,0.8,1.00070688161761"
"5000,83,""AdaptLasso_min"",1.11102852642163,0.927335547362045,1,0.992620599184612"
"5000,83,""AdaptLasso_1se"",1.09895606657641,0.719790789000356,1,0.997832686459432"
"5000,83,""Elastic_Net_min"",1.10421952516792,0.658501956958084,0.8,0.992636724215788"
"5000,83,""Elastic_Net_1se"",1.07916282527626,3.26898140602923,0.8,0.998048916755715"
"5000,83,""WQS"",-138.560770764602,1.01488131758155,1,1.01386472049455"
"100,84,""Lasso_min"",-16.1659090053876,11.0697828731862,0,0.950792938776665"
"100,84,""Lasso_1se"",-13.2570964985066,19.6331210436858,1,1.06960918014986"
"100,84,""AdaptLasso_min"",-16.7604772626132,10.8383853096053,0.8,1.04416392047219"
"100,84,""AdaptLasso_1se"",-16.4052115083677,16.8741904773946,1,1.09077950582346"
"100,84,""Elastic_Net_min"",-16.1134435099789,10.9412540845436,0,0.951679523252807"
"100,84,""Elastic_Net_1se"",-12.5857721154884,20.8476452956456,0.8,1.07430587875075"
"100,84,""WQS"",-119.96167983722,8.71631848205372,1,1.0505725014769"
"500,84,""Lasso_min"",0.0205171589860137,3.93385896645221,0.8,0.956055939383658"
"500,84,""Lasso_1se"",-0.316458226963048,11.7031356196138,0.8,0.985242102491306"
"500,84,""AdaptLasso_min"",0.11507223913475,3.05198410963909,0.8,0.955371760798397"
"500,84,""AdaptLasso_1se"",0.0268217354437057,5.26788040046603,1,0.981560498455813"
"500,84,""Elastic_Net_min"",0.0155102657842125,3.9534723179363,0.6,0.9557312644587"
"500,84,""Elastic_Net_1se"",-0.284102235807379,10.2981736788535,0.8,0.975243618283814"
"500,84,""WQS"",-119.553382577111,2.8110819581611,1,0.971393415362983"
"1000,84,""Lasso_min"",-0.331761302414042,2.62020347242202,0.6,0.990526575995261"
"1000,84,""Lasso_1se"",-0.831139664608116,7.96053582137229,0.4,1.01093469028823"
"1000,84,""AdaptLasso_min"",-0.207639692342662,2.53712142092484,0.8,0.990485456987423"
"1000,84,""AdaptLasso_1se"",0.503573797806912,2.90997516955061,1,1.01310085646727"
"1000,84,""Elastic_Net_min"",-0.338149802952872,2.61235508892123,0.6,0.990494427978258"
"1000,84,""Elastic_Net_1se"",-1.06695909037119,9.83960572660134,0.4,1.01851346955751"
"1000,84,""WQS"",-112.126869189812,2.57997048527671,1,1.00354516856598"
"5000,84,""Lasso_min"",1.10521792831525,0.679481722505961,0.8,0.99263690299167"
"5000,84,""Lasso_1se"",1.07610704133942,3.95587414114578,0.8,1.00070688161761"
"5000,84,""AdaptLasso_min"",1.11102852642163,0.927335547362045,1,0.992620599184612"
"5000,84,""AdaptLasso_1se"",1.09895606657641,0.719790789000356,1,0.997832686459432"
"5000,84,""Elastic_Net_min"",1.10421952516792,0.658501956958084,0.8,0.992636724215788"
"5000,84,""Elastic_Net_1se"",1.07916282527626,3.26898140602923,0.8,0.998048916755715"
"5000,84,""WQS"",-138.560770764602,1.01488131758155,1,1.01386472049455"
"100,85,""Lasso_min"",-16.1659090053876,11.0697828731862,0,0.950792938776665"
"100,85,""Lasso_1se"",-13.2570964985066,19.6331210436858,1,1.06960918014986"
"100,85,""AdaptLasso_min"",-16.7604772626132,10.8383853096053,0.8,1.04416392047219"
"100,85,""AdaptLasso_1se"",-16.4052115083677,16.8741904773946,1,1.09077950582346"
"100,85,""Elastic_Net_min"",-16.1134435099789,10.9412540845436,0,0.951679523252807"
"100,85,""Elastic_Net_1se"",-12.5857721154884,20.8476452956456,0.8,1.07430587875075"
"100,85,""WQS"",-119.96167983722,8.71631848205372,1,1.0505725014769"
"500,85,""Lasso_min"",0.0205171589860137,3.93385896645221,0.8,0.956055939383658"
"500,85,""Lasso_1se"",-0.316458226963048,11.7031356196138,0.8,0.985242102491306"
"500,85,""AdaptLasso_min"",0.11507223913475,3.05198410963909,0.8,0.955371760798397"
"500,85,""AdaptLasso_1se"",0.0268217354437057,5.26788040046603,1,0.981560498455813"
"500,85,""Elastic_Net_min"",0.0155102657842125,3.9534723179363,0.6,0.9557312644587"
"500,85,""Elastic_Net_1se"",-0.284102235807379,10.2981736788535,0.8,0.975243618283814"
"500,85,""WQS"",-119.553382577111,2.8110819581611,1,0.971393415362983"
"1000,85,""Lasso_min"",-0.331761302414042,2.62020347242202,0.6,0.990526575995261"
"1000,85,""Lasso_1se"",-0.831139664608116,7.96053582137229,0.4,1.01093469028823"
"1000,85,""AdaptLasso_min"",-0.207639692342662,2.53712142092484,0.8,0.990485456987423"
"1000,85,""AdaptLasso_1se"",0.503573797806912,2.90997516955061,1,1.01310085646727"
"1000,85,""Elastic_Net_min"",-0.338149802952872,2.61235508892123,0.6,0.990494427978258"
"1000,85,""Elastic_Net_1se"",-1.06695909037119,9.83960572660134,0.4,1.01851346955751"
"1000,85,""WQS"",-112.126869189812,2.57997048527671,1,1.00354516856598"
"5000,85,""Lasso_min"",1.10521792831525,0.679481722505961,0.8,0.99263690299167"
"5000,85,""Lasso_1se"",1.07610704133942,3.95587414114578,0.8,1.00070688161761"
"5000,85,""AdaptLasso_min"",1.11102852642163,0.927335547362045,1,0.992620599184612"
"5000,85,""AdaptLasso_1se"",1.09895606657641,0.719790789000356,1,0.997832686459432"
"5000,85,""Elastic_Net_min"",1.10421952516792,0.658501956958084,0.8,0.992636724215788"
"5000,85,""Elastic_Net_1se"",1.07916282527626,3.26898140602923,0.8,0.998048916755715"
"5000,85,""WQS"",-138.560770764602,1.01488131758155,1,1.01386472049455"
"100,86,""Lasso_min"",-16.1659090053876,11.0697828731862,0,0.950792938776665"
"100,86,""Lasso_1se"",-13.2570964985066,19.6331210436858,1,1.06960918014986"
"100,86,""AdaptLasso_min"",-16.7604772626132,10.8383853096053,0.8,1.04416392047219"
"100,86,""AdaptLasso_1se"",-16.4052115083677,16.8741904773946,1,1.09077950582346"
"100,86,""Elastic_Net_min"",-16.1134435099789,10.9412540845436,0,0.951679523252807"
"100,86,""Elastic_Net_1se"",-12.5857721154884,20.8476452956456,0.8,1.07430587875075"
"100,86,""WQS"",-119.96167983722,8.71631848205372,1,1.0505725014769"
"500,86,""Lasso_min"",0.0205171589860137,3.93385896645221,0.8,0.956055939383658"
"500,86,""Lasso_1se"",-0.316458226963048,11.7031356196138,0.8,0.985242102491306"
"500,86,""AdaptLasso_min"",0.11507223913475,3.05198410963909,0.8,0.955371760798397"
"500,86,""AdaptLasso_1se"",0.0268217354437057,5.26788040046603,1,0.981560498455813"
"500,86,""Elastic_Net_min"",0.0155102657842125,3.9534723179363,0.6,0.9557312644587"
"500,86,""Elastic_Net_1se"",-0.284102235807379,10.2981736788535,0.8,0.975243618283814"
"500,86,""WQS"",-119.553382577111,2.8110819581611,1,0.971393415362983"
"1000,86,""Lasso_min"",-0.331761302414042,2.62020347242202,0.6,0.990526575995261"
"1000,86,""Lasso_1se"",-0.831139664608116,7.96053582137229,0.4,1.01093469028823"
"1000,86,""AdaptLasso_min"",-0.207639692342662,2.53712142092484,0.8,0.990485456987423"
"1000,86,""AdaptLasso_1se"",0.503573797806912,2.90997516955061,1,1.01310085646727"
"1000,86,""Elastic_Net_min"",-0.338149802952872,2.61235508892123,0.6,0.990494427978258"
"1000,86,""Elastic_Net_1se"",-1.06695909037119,9.83960572660134,0.4,1.01851346955751"
"1000,86,""WQS"",-112.126869189812,2.57997048527671,1,1.00354516856598"
"5000,86,""Lasso_min"",1.10521792831525,0.679481722505961,0.8,0.99263690299167"
"5000,86,""Lasso_1se"",1.07610704133942,3.95587414114578,0.8,1.00070688161761"
"5000,86,""AdaptLasso_min"",1.11102852642163,0.927335547362045,1,0.992620599184612"
"5000,86,""AdaptLasso_1se"",1.09895606657641,0.719790789000356,1,0.997832686459432"
"5000,86,""Elastic_Net_min"",1.10421952516792,0.658501956958084,0.8,0.992636724215788"
"5000,86,""Elastic_Net_1se"",1.07916282527626,3.26898140602923,0.8,0.998048916755715"
"5000,86,""WQS"",-138.560770764602,1.01488131758155,1,1.01386472049455"
"100,87,""Lasso_min"",-16.1659090053876,11.0697828731862,0,0.950792938776665"
"100,87,""Lasso_1se"",-13.2570964985066,19.6331210436858,1,1.06960918014986"
"100,87,""AdaptLasso_min"",-16.7604772626132,10.8383853096053,0.8,1.04416392047219"
"100,87,""AdaptLasso_1se"",-16.4052115083677,16.8741904773946,1,1.09077950582346"
"100,87,""Elastic_Net_min"",-16.1134435099789,10.9412540845436,0,0.951679523252807"
"100,87,""Elastic_Net_1se"",-12.5857721154884,20.8476452956456,0.8,1.07430587875075"
"100,87,""WQS"",-119.96167983722,8.71631848205372,1,1.0505725014769"
"500,87,""Lasso_min"",0.0205171589860137,3.93385896645221,0.8,0.956055939383658"
"500,87,""Lasso_1se"",-0.316458226963048,11.7031356196138,0.8,0.985242102491306"
"500,87,""AdaptLasso_min"",0.11507223913475,3.05198410963909,0.8,0.955371760798397"
"500,87,""AdaptLasso_1se"",0.0268217354437057,5.26788040046603,1,0.981560498455813"
"500,87,""Elastic_Net_min"",0.0155102657842125,3.9534723179363,0.6,0.9557312644587"
"500,87,""Elastic_Net_1se"",-0.284102235807379,10.2981736788535,0.8,0.975243618283814"
"500,87,""WQS"",-119.553382577111,2.8110819581611,1,0.971393415362983"
"1000,87,""Lasso_min"",-0.331761302414042,2.62020347242202,0.6,0.990526575995261"
"1000,87,""Lasso_1se"",-0.831139664608116,7.96053582137229,0.4,1.01093469028823"
"1000,87,""AdaptLasso_min"",-0.207639692342662,2.53712142092484,0.8,0.990485456987423"
"1000,87,""AdaptLasso_1se"",0.503573797806912,2.90997516955061,1,1.01310085646727"
"1000,87,""Elastic_Net_min"",-0.338149802952872,2.61235508892123,0.6,0.990494427978258"
"1000,87,""Elastic_Net_1se"",-1.06695909037119,9.83960572660134,0.4,1.01851346955751"
"1000,87,""WQS"",-112.126869189812,2.57997048527671,1,1.00354516856598"
"5000,87,""Lasso_min"",1.10521792831525,0.679481722505961,0.8,0.99263690299167"
"5000,87,""Lasso_1se"",1.07610704133942,3.95587414114578,0.8,1.00070688161761"
"5000,87,""AdaptLasso_min"",1.11102852642163,0.927335547362045,1,0.992620599184612"
"5000,87,""AdaptLasso_1se"",1.09895606657641,0.719790789000356,1,0.997832686459432"
"5000,87,""Elastic_Net_min"",1.10421952516792,0.658501956958084,0.8,0.992636724215788"
"5000,87,""Elastic_Net_1se"",1.07916282527626,3.26898140602923,0.8,0.998048916755715"
"5000,87,""WQS"",-138.560770764602,1.01488131758155,1,1.01386472049455"
"100,88,""Lasso_min"",-16.1659090053876,11.0697828731862,0,0.950792938776665"
"100,88,""Lasso_1se"",-13.2570964985066,19.6331210436858,1,1.06960918014986"
"100,88,""AdaptLasso_min"",-16.7604772626132,10.8383853096053,0.8,1.04416392047219"
"100,88,""AdaptLasso_1se"",-16.4052115083677,16.8741904773946,1,1.09077950582346"
"100,88,""Elastic_Net_min"",-16.1134435099789,10.9412540845436,0,0.951679523252807"
"100,88,""Elastic_Net_1se"",-12.5857721154884,20.8476452956456,0.8,1.07430587875075"
"100,88,""WQS"",-119.96167983722,8.71631848205372,1,1.0505725014769"
"500,88,""Lasso_min"",0.0205171589860137,3.93385896645221,0.8,0.956055939383658"
"500,88,""Lasso_1se"",-0.316458226963048,11.7031356196138,0.8,0.985242102491306"
"500,88,""AdaptLasso_min"",0.11507223913475,3.05198410963909,0.8,0.955371760798397"
"500,88,""AdaptLasso_1se"",0.0268217354437057,5.26788040046603,1,0.981560498455813"
"500,88,""Elastic_Net_min"",0.0155102657842125,3.9534723179363,0.6,0.9557312644587"
"500,88,""Elastic_Net_1se"",-0.284102235807379,10.2981736788535,0.8,0.975243618283814"
"500,88,""WQS"",-119.553382577111,2.8110819581611,1,0.971393415362983"
"1000,88,""Lasso_min"",-0.331761302414042,2.62020347242202,0.6,0.990526575995261"
"1000,88,""Lasso_1se"",-0.831139664608116,7.96053582137229,0.4,1.01093469028823"
"1000,88,""AdaptLasso_min"",-0.207639692342662,2.53712142092484,0.8,0.990485456987423"
"1000,88,""AdaptLasso_1se"",0.503573797806912,2.90997516955061,1,1.01310085646727"
"1000,88,""Elastic_Net_min"",-0.338149802952872,2.61235508892123,0.6,0.990494427978258"
"1000,88,""Elastic_Net_1se"",-1.06695909037119,9.83960572660134,0.4,1.01851346955751"
"1000,88,""WQS"",-112.126869189812,2.57997048527671,1,1.00354516856598"
"5000,88,""Lasso_min"",1.10521792831525,0.679481722505961,0.8,0.99263690299167"
"5000,88,""Lasso_1se"",1.07610704133942,3.95587414114578,0.8,1.00070688161761"
"5000,88,""AdaptLasso_min"",1.11102852642163,0.927335547362045,1,0.992620599184612"
"5000,88,""AdaptLasso_1se"",1.09895606657641,0.719790789000356,1,0.997832686459432"
"5000,88,""Elastic_Net_min"",1.10421952516792,0.658501956958084,0.8,0.992636724215788"
"5000,88,""Elastic_Net_1se"",1.07916282527626,3.26898140602923,0.8,0.998048916755715"
"5000,88,""WQS"",-138.560770764602,1.01488131758155,1,1.01386472049455"
"100,89,""Lasso_min"",-16.1659090053876,11.0697828731862,0,0.950792938776665"
"100,89,""Lasso_1se"",-13.2570964985066,19.6331210436858,1,1.06960918014986"
"100,89,""AdaptLasso_min"",-16.7604772626132,10.8383853096053,0.8,1.04416392047219"
"100,89,""AdaptLasso_1se"",-16.4052115083677,16.8741904773946,1,1.09077950582346"
"100,89,""Elastic_Net_min"",-16.1134435099789,10.9412540845436,0,0.951679523252807"
"100,89,""Elastic_Net_1se"",-12.5857721154884,20.8476452956456,0.8,1.07430587875075"
"100,89,""WQS"",-119.96167983722,8.71631848205372,1,1.0505725014769"
"500,89,""Lasso_min"",0.0205171589860137,3.93385896645221,0.8,0.956055939383658"
"500,89,""Lasso_1se"",-0.316458226963048,11.7031356196138,0.8,0.985242102491306"
"500,89,""AdaptLasso_min"",0.11507223913475,3.05198410963909,0.8,0.955371760798397"
"500,89,""AdaptLasso_1se"",0.0268217354437057,5.26788040046603,1,0.981560498455813"
"500,89,""Elastic_Net_min"",0.0155102657842125,3.9534723179363,0.6,0.9557312644587"
"500,89,""Elastic_Net_1se"",-0.284102235807379,10.2981736788535,0.8,0.975243618283814"
"500,89,""WQS"",-119.553382577111,2.8110819581611,1,0.971393415362983"
"1000,89,""Lasso_min"",-0.331761302414042,2.62020347242202,0.6,0.990526575995261"
"1000,89,""Lasso_1se"",-0.831139664608116,7.96053582137229,0.4,1.01093469028823"
"1000,89,""AdaptLasso_min"",-0.207639692342662,2.53712142092484,0.8,0.990485456987423"
"1000,89,""AdaptLasso_1se"",0.503573797806912,2.90997516955061,1,1.01310085646727"
"1000,89,""Elastic_Net_min"",-0.338149802952872,2.61235508892123,0.6,0.990494427978258"
"1000,89,""Elastic_Net_1se"",-1.06695909037119,9.83960572660134,0.4,1.01851346955751"
"1000,89,""WQS"",-112.126869189812,2.57997048527671,1,1.00354516856598"
"5000,89,""Lasso_min"",1.10521792831525,0.679481722505961,0.8,0.99263690299167"
"5000,89,""Lasso_1se"",1.07610704133942,3.95587414114578,0.8,1.00070688161761"
"5000,89,""AdaptLasso_min"",1.11102852642163,0.927335547362045,1,0.992620599184612"
"5000,89,""AdaptLasso_1se"",1.09895606657641,0.719790789000356,1,0.997832686459432"
"5000,89,""Elastic_Net_min"",1.10421952516792,0.658501956958084,0.8,0.992636724215788"
"5000,89,""Elastic_Net_1se"",1.07916282527626,3.26898140602923,0.8,0.998048916755715"
"5000,89,""WQS"",-138.560770764602,1.01488131758155,1,1.01386472049455"
"100,90,""Lasso_min"",-16.1659090053876,11.0697828731862,0,0.950792938776665"
"100,90,""Lasso_1se"",-13.2570964985066,19.6331210436858,1,1.06960918014986"
"100,90,""AdaptLasso_min"",-16.7604772626132,10.8383853096053,0.8,1.04416392047219"
"100,90,""AdaptLasso_1se"",-16.4052115083677,16.8741904773946,1,1.09077950582346"
"100,90,""Elastic_Net_min"",-16.1134435099789,10.9412540845436,0,0.951679523252807"
"100,90,""Elastic_Net_1se"",-12.5857721154884,20.8476452956456,0.8,1.07430587875075"
"100,90,""WQS"",-119.96167983722,8.71631848205372,1,1.0505725014769"
"500,90,""Lasso_min"",0.0205171589860137,3.93385896645221,0.8,0.956055939383658"
"500,90,""Lasso_1se"",-0.316458226963048,11.7031356196138,0.8,0.985242102491306"
"500,90,""AdaptLasso_min"",0.11507223913475,3.05198410963909,0.8,0.955371760798397"
"500,90,""AdaptLasso_1se"",0.0268217354437057,5.26788040046603,1,0.981560498455813"
"500,90,""Elastic_Net_min"",0.0155102657842125,3.9534723179363,0.6,0.9557312644587"
"500,90,""Elastic_Net_1se"",-0.284102235807379,10.2981736788535,0.8,0.975243618283814"
"500,90,""WQS"",-119.553382577111,2.8110819581611,1,0.971393415362983"
"1000,90,""Lasso_min"",-0.331761302414042,2.62020347242202,0.6,0.990526575995261"
"1000,90,""Lasso_1se"",-0.831139664608116,7.96053582137229,0.4,1.01093469028823"
"1000,90,""AdaptLasso_min"",-0.207639692342662,2.53712142092484,0.8,0.990485456987423"
"1000,90,""AdaptLasso_1se"",0.503573797806912,2.90997516955061,1,1.01310085646727"
"1000,90,""Elastic_Net_min"",-0.338149802952872,2.61235508892123,0.6,0.990494427978258"
"1000,90,""Elastic_Net_1se"",-1.06695909037119,9.83960572660134,0.4,1.01851346955751"
"1000,90,""WQS"",-112.126869189812,2.57997048527671,1,1.00354516856598"
"5000,90,""Lasso_min"",1.10521792831525,0.679481722505961,0.8,0.99263690299167"
"5000,90,""Lasso_1se"",1.07610704133942,3.95587414114578,0.8,1.00070688161761"
"5000,90,""AdaptLasso_min"",1.11102852642163,0.927335547362045,1,0.992620599184612"
"5000,90,""AdaptLasso_1se"",1.09895606657641,0.719790789000356,1,0.997832686459432"
"5000,90,""Elastic_Net_min"",1.10421952516792,0.658501956958084,0.8,0.992636724215788"
"5000,90,""Elastic_Net_1se"",1.07916282527626,3.26898140602923,0.8,0.998048916755715"
"5000,90,""WQS"",-138.560770764602,1.01488131758155,1,1.01386472049455"
"100,91,""Lasso_min"",-16.1659090053876,11.0697828731862,0,0.950792938776665"
"100,91,""Lasso_1se"",-13.2570964985066,19.6331210436858,1,1.06960918014986"
"100,91,""AdaptLasso_min"",-16.7604772626132,10.8383853096053,0.8,1.04416392047219"
"100,91,""AdaptLasso_1se"",-16.4052115083677,16.8741904773946,1,1.09077950582346"
"100,91,""Elastic_Net_min"",-16.1134435099789,10.9412540845436,0,0.951679523252807"
"100,91,""Elastic_Net_1se"",-12.5857721154884,20.8476452956456,0.8,1.07430587875075"
"100,91,""WQS"",-119.96167983722,8.71631848205372,1,1.0505725014769"
"500,91,""Lasso_min"",0.0205171589860137,3.93385896645221,0.8,0.956055939383658"
"500,91,""Lasso_1se"",-0.316458226963048,11.7031356196138,0.8,0.985242102491306"
"500,91,""AdaptLasso_min"",0.11507223913475,3.05198410963909,0.8,0.955371760798397"
"500,91,""AdaptLasso_1se"",0.0268217354437057,5.26788040046603,1,0.981560498455813"
"500,91,""Elastic_Net_min"",0.0155102657842125,3.9534723179363,0.6,0.9557312644587"
"500,91,""Elastic_Net_1se"",-0.284102235807379,10.2981736788535,0.8,0.975243618283814"
"500,91,""WQS"",-119.553382577111,2.8110819581611,1,0.971393415362983"
"1000,91,""Lasso_min"",-0.331761302414042,2.62020347242202,0.6,0.990526575995261"
"1000,91,""Lasso_1se"",-0.831139664608116,7.96053582137229,0.4,1.01093469028823"
"1000,91,""AdaptLasso_min"",-0.207639692342662,2.53712142092484,0.8,0.990485456987423"
"1000,91,""AdaptLasso_1se"",0.503573797806912,2.90997516955061,1,1.01310085646727"
"1000,91,""Elastic_Net_min"",-0.338149802952872,2.61235508892123,0.6,0.990494427978258"
"1000,91,""Elastic_Net_1se"",-1.06695909037119,9.83960572660134,0.4,1.01851346955751"
"1000,91,""WQS"",-112.126869189812,2.57997048527671,1,1.00354516856598"
"5000,91,""Lasso_min"",1.10521792831525,0.679481722505961,0.8,0.99263690299167"
"5000,91,""Lasso_1se"",1.07610704133942,3.95587414114578,0.8,1.00070688161761"
"5000,91,""AdaptLasso_min"",1.11102852642163,0.927335547362045,1,0.992620599184612"
"5000,91,""AdaptLasso_1se"",1.09895606657641,0.719790789000356,1,0.997832686459432"
"5000,91,""Elastic_Net_min"",1.10421952516792,0.658501956958084,0.8,0.992636724215788"
"5000,91,""Elastic_Net_1se"",1.07916282527626,3.26898140602923,0.8,0.998048916755715"
"5000,91,""WQS"",-138.560770764602,1.01488131758155,1,1.01386472049455"
"100,92,""Lasso_min"",-16.1659090053876,11.0697828731862,0,0.950792938776665"
"100,92,""Lasso_1se"",-13.2570964985066,19.6331210436858,1,1.06960918014986"
"100,92,""AdaptLasso_min"",-16.7604772626132,10.8383853096053,0.8,1.04416392047219"
"100,92,""AdaptLasso_1se"",-16.4052115083677,16.8741904773946,1,1.09077950582346"
"100,92,""Elastic_Net_min"",-16.1134435099789,10.9412540845436,0,0.951679523252807"
"100,92,""Elastic_Net_1se"",-12.5857721154884,20.8476452956456,0.8,1.07430587875075"
"100,92,""WQS"",-119.96167983722,8.71631848205372,1,1.0505725014769"
"500,92,""Lasso_min"",0.0205171589860137,3.93385896645221,0.8,0.956055939383658"
"500,92,""Lasso_1se"",-0.316458226963048,11.7031356196138,0.8,0.985242102491306"
"500,92,""AdaptLasso_min"",0.11507223913475,3.05198410963909,0.8,0.955371760798397"
"500,92,""AdaptLasso_1se"",0.0268217354437057,5.26788040046603,1,0.981560498455813"
"500,92,""Elastic_Net_min"",0.0155102657842125,3.9534723179363,0.6,0.9557312644587"
"500,92,""Elastic_Net_1se"",-0.284102235807379,10.2981736788535,0.8,0.975243618283814"
"500,92,""WQS"",-119.553382577111,2.8110819581611,1,0.971393415362983"
"1000,92,""Lasso_min"",-0.331761302414042,2.62020347242202,0.6,0.990526575995261"
"1000,92,""Lasso_1se"",-0.831139664608116,7.96053582137229,0.4,1.01093469028823"
"1000,92,""AdaptLasso_min"",-0.207639692342662,2.53712142092484,0.8,0.990485456987423"
"1000,92,""AdaptLasso_1se"",0.503573797806912,2.90997516955061,1,1.01310085646727"
"1000,92,""Elastic_Net_min"",-0.338149802952872,2.61235508892123,0.6,0.990494427978258"
"1000,92,""Elastic_Net_1se"",-1.06695909037119,9.83960572660134,0.4,1.01851346955751"
"1000,92,""WQS"",-112.126869189812,2.57997048527671,1,1.00354516856598"
"5000,92,""Lasso_min"",1.10521792831525,0.679481722505961,0.8,0.99263690299167"
"5000,92,""Lasso_1se"",1.07610704133942,3.95587414114578,0.8,1.00070688161761"
"5000,92,""AdaptLasso_min"",1.11102852642163,0.927335547362045,1,0.992620599184612"
"5000,92,""AdaptLasso_1se"",1.09895606657641,0.719790789000356,1,0.997832686459432"
"5000,92,""Elastic_Net_min"",1.10421952516792,0.658501956958084,0.8,0.992636724215788"
"5000,92,""Elastic_Net_1se"",1.07916282527626,3.26898140602923,0.8,0.998048916755715"
"5000,92,""WQS"",-138.560770764602,1.01488131758155,1,1.01386472049455"
"100,93,""Lasso_min"",-16.1659090053876,11.0697828731862,0,0.950792938776665"
"100,93,""Lasso_1se"",-13.2570964985066,19.6331210436858,1,1.06960918014986"
"100,93,""AdaptLasso_min"",-16.7604772626132,10.8383853096053,0.8,1.04416392047219"
"100,93,""AdaptLasso_1se"",-16.4052115083677,16.8741904773946,1,1.09077950582346"
"100,93,""Elastic_Net_min"",-16.1134435099789,10.9412540845436,0,0.951679523252807"
"100,93,""Elastic_Net_1se"",-12.5857721154884,20.8476452956456,0.8,1.07430587875075"
"100,93,""WQS"",-119.96167983722,8.71631848205372,1,1.0505725014769"
"500,93,""Lasso_min"",0.0205171589860137,3.93385896645221,0.8,0.956055939383658"
"500,93,""Lasso_1se"",-0.316458226963048,11.7031356196138,0.8,0.985242102491306"
"500,93,""AdaptLasso_min"",0.11507223913475,3.05198410963909,0.8,0.955371760798397"
"500,93,""AdaptLasso_1se"",0.0268217354437057,5.26788040046603,1,0.981560498455813"
"500,93,""Elastic_Net_min"",0.0155102657842125,3.9534723179363,0.6,0.9557312644587"
"500,93,""Elastic_Net_1se"",-0.284102235807379,10.2981736788535,0.8,0.975243618283814"
"500,93,""WQS"",-119.553382577111,2.8110819581611,1,0.971393415362983"
"1000,93,""Lasso_min"",-0.331761302414042,2.62020347242202,0.6,0.990526575995261"
"1000,93,""Lasso_1se"",-0.831139664608116,7.96053582137229,0.4,1.01093469028823"
"1000,93,""AdaptLasso_min"",-0.207639692342662,2.53712142092484,0.8,0.990485456987423"
"1000,93,""AdaptLasso_1se"",0.503573797806912,2.90997516955061,1,1.01310085646727"
"1000,93,""Elastic_Net_min"",-0.338149802952872,2.61235508892123,0.6,0.990494427978258"
"1000,93,""Elastic_Net_1se"",-1.06695909037119,9.83960572660134,0.4,1.01851346955751"
"1000,93,""WQS"",-112.126869189812,2.57997048527671,1,1.00354516856598"
"5000,93,""Lasso_min"",1.10521792831525,0.679481722505961,0.8,0.99263690299167"
"5000,93,""Lasso_1se"",1.07610704133942,3.95587414114578,0.8,1.00070688161761"
"5000,93,""AdaptLasso_min"",1.11102852642163,0.927335547362045,1,0.992620599184612"
"5000,93,""AdaptLasso_1se"",1.09895606657641,0.719790789000356,1,0.997832686459432"
"5000,93,""Elastic_Net_min"",1.10421952516792,0.658501956958084,0.8,0.992636724215788"
"5000,93,""Elastic_Net_1se"",1.07916282527626,3.26898140602923,0.8,0.998048916755715"
"5000,93,""WQS"",-138.560770764602,1.01488131758155,1,1.01386472049455"
"100,94,""Lasso_min"",-16.1659090053876,11.0697828731862,0,0.950792938776665"
"100,94,""Lasso_1se"",-13.2570964985066,19.6331210436858,1,1.06960918014986"
"100,94,""AdaptLasso_min"",-16.7604772626132,10.8383853096053,0.8,1.04416392047219"
"100,94,""AdaptLasso_1se"",-16.4052115083677,16.8741904773946,1,1.09077950582346"
"100,94,""Elastic_Net_min"",-16.1134435099789,10.9412540845436,0,0.951679523252807"
"100,94,""Elastic_Net_1se"",-12.5857721154884,20.8476452956456,0.8,1.07430587875075"
"100,94,""WQS"",-119.96167983722,8.71631848205372,1,1.0505725014769"
"500,94,""Lasso_min"",0.0205171589860137,3.93385896645221,0.8,0.956055939383658"
"500,94,""Lasso_1se"",-0.316458226963048,11.7031356196138,0.8,0.985242102491306"
"500,94,""AdaptLasso_min"",0.11507223913475,3.05198410963909,0.8,0.955371760798397"
"500,94,""AdaptLasso_1se"",0.0268217354437057,5.26788040046603,1,0.981560498455813"
"500,94,""Elastic_Net_min"",0.0155102657842125,3.9534723179363,0.6,0.9557312644587"
"500,94,""Elastic_Net_1se"",-0.284102235807379,10.2981736788535,0.8,0.975243618283814"
"500,94,""WQS"",-119.553382577111,2.8110819581611,1,0.971393415362983"
"1000,94,""Lasso_min"",-0.331761302414042,2.62020347242202,0.6,0.990526575995261"
"1000,94,""Lasso_1se"",-0.831139664608116,7.96053582137229,0.4,1.01093469028823"
"1000,94,""AdaptLasso_min"",-0.207639692342662,2.53712142092484,0.8,0.990485456987423"
"1000,94,""AdaptLasso_1se"",0.503573797806912,2.90997516955061,1,1.01310085646727"
"1000,94,""Elastic_Net_min"",-0.338149802952872,2.61235508892123,0.6,0.990494427978258"
"1000,94,""Elastic_Net_1se"",-1.06695909037119,9.83960572660134,0.4,1.01851346955751"
"1000,94,""WQS"",-112.126869189812,2.57997048527671,1,1.00354516856598"
"5000,94,""Lasso_min"",1.10521792831525,0.679481722505961,0.8,0.99263690299167"
"5000,94,""Lasso_1se"",1.07610704133942,3.95587414114578,0.8,1.00070688161761"
"5000,94,""AdaptLasso_min"",1.11102852642163,0.927335547362045,1,0.992620599184612"
"5000,94,""AdaptLasso_1se"",1.09895606657641,0.719790789000356,1,0.997832686459432"
"5000,94,""Elastic_Net_min"",1.10421952516792,0.658501956958084,0.8,0.992636724215788"
"5000,94,""Elastic_Net_1se"",1.07916282527626,3.26898140602923,0.8,0.998048916755715"
"5000,94,""WQS"",-138.560770764602,1.01488131758155,1,1.01386472049455"
"100,95,""Lasso_min"",-16.1659090053876,11.0697828731862,0,0.950792938776665"
"100,95,""Lasso_1se"",-13.2570964985066,19.6331210436858,1,1.06960918014986"
"100,95,""AdaptLasso_min"",-16.7604772626132,10.8383853096053,0.8,1.04416392047219"
"100,95,""AdaptLasso_1se"",-16.4052115083677,16.8741904773946,1,1.09077950582346"
"100,95,""Elastic_Net_min"",-16.1134435099789,10.9412540845436,0,0.951679523252807"
"100,95,""Elastic_Net_1se"",-12.5857721154884,20.8476452956456,0.8,1.07430587875075"
"100,95,""WQS"",-119.96167983722,8.71631848205372,1,1.0505725014769"
"500,95,""Lasso_min"",0.0205171589860137,3.93385896645221,0.8,0.956055939383658"
"500,95,""Lasso_1se"",-0.316458226963048,11.7031356196138,0.8,0.985242102491306"
"500,95,""AdaptLasso_min"",0.11507223913475,3.05198410963909,0.8,0.955371760798397"
"500,95,""AdaptLasso_1se"",0.0268217354437057,5.26788040046603,1,0.981560498455813"
"500,95,""Elastic_Net_min"",0.0155102657842125,3.9534723179363,0.6,0.9557312644587"
"500,95,""Elastic_Net_1se"",-0.284102235807379,10.2981736788535,0.8,0.975243618283814"
"500,95,""WQS"",-119.553382577111,2.8110819581611,1,0.971393415362983"
"1000,95,""Lasso_min"",-0.331761302414042,2.62020347242202,0.6,0.990526575995261"
"1000,95,""Lasso_1se"",-0.831139664608116,7.96053582137229,0.4,1.01093469028823"
"1000,95,""AdaptLasso_min"",-0.207639692342662,2.53712142092484,0.8,0.990485456987423"
"1000,95,""AdaptLasso_1se"",0.503573797806912,2.90997516955061,1,1.01310085646727"
"1000,95,""Elastic_Net_min"",-0.338149802952872,2.61235508892123,0.6,0.990494427978258"
"1000,95,""Elastic_Net_1se"",-1.06695909037119,9.83960572660134,0.4,1.01851346955751"
"1000,95,""WQS"",-112.126869189812,2.57997048527671,1,1.00354516856598"
"5000,95,""Lasso_min"",1.10521792831525,0.679481722505961,0.8,0.99263690299167"
"5000,95,""Lasso_1se"",1.07610704133942,3.95587414114578,0.8,1.00070688161761"
"5000,95,""AdaptLasso_min"",1.11102852642163,0.927335547362045,1,0.992620599184612"
"5000,95,""AdaptLasso_1se"",1.09895606657641,0.719790789000356,1,0.997832686459432"
"5000,95,""Elastic_Net_min"",1.10421952516792,0.658501956958084,0.8,0.992636724215788"
"5000,95,""Elastic_Net_1se"",1.07916282527626,3.26898140602923,0.8,0.998048916755715"
"5000,95,""WQS"",-138.560770764602,1.01488131758155,1,1.01386472049455"
"100,96,""Lasso_min"",-16.1659090053876,11.0697828731862,0,0.950792938776665"
"100,96,""Lasso_1se"",-13.2570964985066,19.6331210436858,1,1.06960918014986"
"100,96,""AdaptLasso_min"",-16.7604772626132,10.8383853096053,0.8,1.04416392047219"
"100,96,""AdaptLasso_1se"",-16.4052115083677,16.8741904773946,1,1.09077950582346"
"100,96,""Elastic_Net_min"",-16.1134435099789,10.9412540845436,0,0.951679523252807"
"100,96,""Elastic_Net_1se"",-12.5857721154884,20.8476452956456,0.8,1.07430587875075"
"100,96,""WQS"",-119.96167983722,8.71631848205372,1,1.0505725014769"
"500,96,""Lasso_min"",0.0205171589860137,3.93385896645221,0.8,0.956055939383658"
"500,96,""Lasso_1se"",-0.316458226963048,11.7031356196138,0.8,0.985242102491306"
"500,96,""AdaptLasso_min"",0.11507223913475,3.05198410963909,0.8,0.955371760798397"
"500,96,""AdaptLasso_1se"",0.0268217354437057,5.26788040046603,1,0.981560498455813"
"500,96,""Elastic_Net_min"",0.0155102657842125,3.9534723179363,0.6,0.9557312644587"
"500,96,""Elastic_Net_1se"",-0.284102235807379,10.2981736788535,0.8,0.975243618283814"
"500,96,""WQS"",-119.553382577111,2.8110819581611,1,0.971393415362983"
"1000,96,""Lasso_min"",-0.331761302414042,2.62020347242202,0.6,0.990526575995261"
"1000,96,""Lasso_1se"",-0.831139664608116,7.96053582137229,0.4,1.01093469028823"
"1000,96,""AdaptLasso_min"",-0.207639692342662,2.53712142092484,0.8,0.990485456987423"
"1000,96,""AdaptLasso_1se"",0.503573797806912,2.90997516955061,1,1.01310085646727"
"1000,96,""Elastic_Net_min"",-0.338149802952872,2.61235508892123,0.6,0.990494427978258"
"1000,96,""Elastic_Net_1se"",-1.06695909037119,9.83960572660134,0.4,1.01851346955751"
"1000,96,""WQS"",-112.126869189812,2.57997048527671,1,1.00354516856598"
"5000,96,""Lasso_min"",1.10521792831525,0.679481722505961,0.8,0.99263690299167"
"5000,96,""Lasso_1se"",1.07610704133942,3.95587414114578,0.8,1.00070688161761"
"5000,96,""AdaptLasso_min"",1.11102852642163,0.927335547362045,1,0.992620599184612"
"5000,96,""AdaptLasso_1se"",1.09895606657641,0.719790789000356,1,0.997832686459432"
"5000,96,""Elastic_Net_min"",1.10421952516792,0.658501956958084,0.8,0.992636724215788"
"5000,96,""Elastic_Net_1se"",1.07916282527626,3.26898140602923,0.8,0.998048916755715"
"5000,96,""WQS"",-138.560770764602,1.01488131758155,1,1.01386472049455"
"100,97,""Lasso_min"",-16.1659090053876,11.0697828731862,0,0.950792938776665"
"100,97,""Lasso_1se"",-13.2570964985066,19.6331210436858,1,1.06960918014986"
"100,97,""AdaptLasso_min"",-16.7604772626132,10.8383853096053,0.8,1.04416392047219"
"100,97,""AdaptLasso_1se"",-16.4052115083677,16.8741904773946,1,1.09077950582346"
"100,97,""Elastic_Net_min"",-16.1134435099789,10.9412540845436,0,0.951679523252807"
"100,97,""Elastic_Net_1se"",-12.5857721154884,20.8476452956456,0.8,1.07430587875075"
"100,97,""WQS"",-119.96167983722,8.71631848205372,1,1.0505725014769"
"500,97,""Lasso_min"",0.0205171589860137,3.93385896645221,0.8,0.956055939383658"
"500,97,""Lasso_1se"",-0.316458226963048,11.7031356196138,0.8,0.985242102491306"
"500,97,""AdaptLasso_min"",0.11507223913475,3.05198410963909,0.8,0.955371760798397"
"500,97,""AdaptLasso_1se"",0.0268217354437057,5.26788040046603,1,0.981560498455813"
"500,97,""Elastic_Net_min"",0.0155102657842125,3.9534723179363,0.6,0.9557312644587"
"500,97,""Elastic_Net_1se"",-0.284102235807379,10.2981736788535,0.8,0.975243618283814"
"500,97,""WQS"",-119.553382577111,2.8110819581611,1,0.971393415362983"
"1000,97,""Lasso_min"",-0.331761302414042,2.62020347242202,0.6,0.990526575995261"
"1000,97,""Lasso_1se"",-0.831139664608116,7.96053582137229,0.4,1.01093469028823"
"1000,97,""AdaptLasso_min"",-0.207639692342662,2.53712142092484,0.8,0.990485456987423"
"1000,97,""AdaptLasso_1se"",0.503573797806912,2.90997516955061,1,1.01310085646727"
"1000,97,""Elastic_Net_min"",-0.338149802952872,2.61235508892123,0.6,0.990494427978258"
"1000,97,""Elastic_Net_1se"",-1.06695909037119,9.83960572660134,0.4,1.01851346955751"
"1000,97,""WQS"",-112.126869189812,2.57997048527671,1,1.00354516856598"
"5000,97,""Lasso_min"",1.10521792831525,0.679481722505961,0.8,0.99263690299167"
"5000,97,""Lasso_1se"",1.07610704133942,3.95587414114578,0.8,1.00070688161761"
"5000,97,""AdaptLasso_min"",1.11102852642163,0.927335547362045,1,0.992620599184612"
"5000,97,""AdaptLasso_1se"",1.09895606657641,0.719790789000356,1,0.997832686459432"
"5000,97,""Elastic_Net_min"",1.10421952516792,0.658501956958084,0.8,0.992636724215788"
"5000,97,""Elastic_Net_1se"",1.07916282527626,3.26898140602923,0.8,0.998048916755715"
"5000,97,""WQS"",-138.560770764602,1.01488131758155,1,1.01386472049455"
"100,98,""Lasso_min"",-16.1659090053876,11.0697828731862,0,0.950792938776665"
"100,98,""Lasso_1se"",-13.2570964985066,19.6331210436858,1,1.06960918014986"
"100,98,""AdaptLasso_min"",-16.7604772626132,10.8383853096053,0.8,1.04416392047219"
"100,98,""AdaptLasso_1se"",-16.4052115083677,16.8741904773946,1,1.09077950582346"
"100,98,""Elastic_Net_min"",-16.1134435099789,10.9412540845436,0,0.951679523252807"
"100,98,""Elastic_Net_1se"",-12.5857721154884,20.8476452956456,0.8,1.07430587875075"
"100,98,""WQS"",-119.96167983722,8.71631848205372,1,1.0505725014769"
"500,98,""Lasso_min"",0.0205171589860137,3.93385896645221,0.8,0.956055939383658"
"500,98,""Lasso_1se"",-0.316458226963048,11.7031356196138,0.8,0.985242102491306"
"500,98,""AdaptLasso_min"",0.11507223913475,3.05198410963909,0.8,0.955371760798397"
"500,98,""AdaptLasso_1se"",0.0268217354437057,5.26788040046603,1,0.981560498455813"
"500,98,""Elastic_Net_min"",0.0155102657842125,3.9534723179363,0.6,0.9557312644587"
"500,98,""Elastic_Net_1se"",-0.284102235807379,10.2981736788535,0.8,0.975243618283814"
"500,98,""WQS"",-119.553382577111,2.8110819581611,1,0.971393415362983"
"1000,98,""Lasso_min"",-0.331761302414042,2.62020347242202,0.6,0.990526575995261"
"1000,98,""Lasso_1se"",-0.831139664608116,7.96053582137229,0.4,1.01093469028823"
"1000,98,""AdaptLasso_min"",-0.207639692342662,2.53712142092484,0.8,0.990485456987423"
"1000,98,""AdaptLasso_1se"",0.503573797806912,2.90997516955061,1,1.01310085646727"
"1000,98,""Elastic_Net_min"",-0.338149802952872,2.61235508892123,0.6,0.990494427978258"
"1000,98,""Elastic_Net_1se"",-1.06695909037119,9.83960572660134,0.4,1.01851346955751"
"1000,98,""WQS"",-112.126869189812,2.57997048527671,1,1.00354516856598"
"5000,98,""Lasso_min"",1.10521792831525,0.679481722505961,0.8,0.99263690299167"
"5000,98,""Lasso_1se"",1.07610704133942,3.95587414114578,0.8,1.00070688161761"
"5000,98,""AdaptLasso_min"",1.11102852642163,0.927335547362045,1,0.992620599184612"
"5000,98,""AdaptLasso_1se"",1.09895606657641,0.719790789000356,1,0.997832686459432"
"5000,98,""Elastic_Net_min"",1.10421952516792,0.658501956958084,0.8,0.992636724215788"
"5000,98,""Elastic_Net_1se"",1.07916282527626,3.26898140602923,0.8,0.998048916755715"
"5000,98,""WQS"",-138.560770764602,1.01488131758155,1,1.01386472049455"
"100,99,""Lasso_min"",-16.1659090053876,11.0697828731862,0,0.950792938776665"
"100,99,""Lasso_1se"",-13.2570964985066,19.6331210436858,1,1.06960918014986"
"100,99,""AdaptLasso_min"",-16.7604772626132,10.8383853096053,0.8,1.04416392047219"
"100,99,""AdaptLasso_1se"",-16.4052115083677,16.8741904773946,1,1.09077950582346"
"100,99,""Elastic_Net_min"",-16.1134435099789,10.9412540845436,0,0.951679523252807"
"100,99,""Elastic_Net_1se"",-12.5857721154884,20.8476452956456,0.8,1.07430587875075"
"100,99,""WQS"",-119.96167983722,8.71631848205372,1,1.0505725014769"
"500,99,""Lasso_min"",0.0205171589860137,3.93385896645221,0.8,0.956055939383658"
"500,99,""Lasso_1se"",-0.316458226963048,11.7031356196138,0.8,0.985242102491306"
"500,99,""AdaptLasso_min"",0.11507223913475,3.05198410963909,0.8,0.955371760798397"
"500,99,""AdaptLasso_1se"",0.0268217354437057,5.26788040046603,1,0.981560498455813"
"500,99,""Elastic_Net_min"",0.0155102657842125,3.9534723179363,0.6,0.9557312644587"
"500,99,""Elastic_Net_1se"",-0.284102235807379,10.2981736788535,0.8,0.975243618283814"
"500,99,""WQS"",-119.553382577111,2.8110819581611,1,0.971393415362983"
"1000,99,""Lasso_min"",-0.331761302414042,2.62020347242202,0.6,0.990526575995261"
"1000,99,""Lasso_1se"",-0.831139664608116,7.96053582137229,0.4,1.01093469028823"
"1000,99,""AdaptLasso_min"",-0.207639692342662,2.53712142092484,0.8,0.990485456987423"
"1000,99,""AdaptLasso_1se"",0.503573797806912,2.90997516955061,1,1.01310085646727"
"1000,99,""Elastic_Net_min"",-0.338149802952872,2.61235508892123,0.6,0.990494427978258"
"1000,99,""Elastic_Net_1se"",-1.06695909037119,9.83960572660134,0.4,1.01851346955751"
"1000,99,""WQS"",-112.126869189812,2.57997048527671,1,1.00354516856598"
"5000,99,""Lasso_min"",1.10521792831525,0.679481722505961,0.8,0.99263690299167"
"5000,99,""Lasso_1se"",1.07610704133942,3.95587414114578,0.8,1.00070688161761"
"5000,99,""AdaptLasso_min"",1.11102852642163,0.927335547362045,1,0.992620599184612"
"5000,99,""AdaptLasso_1se"",1.09895606657641,0.719790789000356,1,0.997832686459432"
"5000,99,""Elastic_Net_min"",1.10421952516792,0.658501956958084,0.8,0.992636724215788"
"5000,99,""Elastic_Net_1se"",1.07916282527626,3.26898140602923,0.8,0.998048916755715"
"5000,99,""WQS"",-138.560770764602,1.01488131758155,1,1.01386472049455"
"100,100,""Lasso_min"",-16.1659090053876,11.0697828731862,0,0.950792938776665"
"100,100,""Lasso_1se"",-13.2570964985066,19.6331210436858,1,1.06960918014986"
"100,100,""AdaptLasso_min"",-16.7604772626132,10.8383853096053,0.8,1.04416392047219"
"100,100,""AdaptLasso_1se"",-16.4052115083677,16.8741904773946,1,1.09077950582346"
"100,100,""Elastic_Net_min"",-16.1134435099789,10.9412540845436,0,0.951679523252807"
"100,100,""Elastic_Net_1se"",-12.5857721154884,20.8476452956456,0.8,1.07430587875075"
"100,100,""WQS"",-119.96167983722,8.71631848205372,1,1.0505725014769"
"500,100,""Lasso_min"",0.0205171589860137,3.93385896645221,0.8,0.956055939383658"
"500,100,""Lasso_1se"",-0.316458226963048,11.7031356196138,0.8,0.985242102491306"
"500,100,""AdaptLasso_min"",0.11507223913475,3.05198410963909,0.8,0.955371760798397"
"500,100,""AdaptLasso_1se"",0.0268217354437057,5.26788040046603,1,0.981560498455813"
"500,100,""Elastic_Net_min"",0.0155102657842125,3.9534723179363,0.6,0.9557312644587"
"500,100,""Elastic_Net_1se"",-0.284102235807379,10.2981736788535,0.8,0.975243618283814"
"500,100,""WQS"",-119.553382577111,2.8110819581611,1,0.971393415362983"
"1000,100,""Lasso_min"",-0.331761302414042,2.62020347242202,0.6,0.990526575995261"
"1000,100,""Lasso_1se"",-0.831139664608116,7.96053582137229,0.4,1.01093469028823"
"1000,100,""AdaptLasso_min"",-0.207639692342662,2.53712142092484,0.8,0.990485456987423"
"1000,100,""AdaptLasso_1se"",0.503573797806912,2.90997516955061,1,1.01310085646727"
"1000,100,""Elastic_Net_min"",-0.338149802952872,2.61235508892123,0.6,0.990494427978258"
"1000,100,""Elastic_Net_1se"",-1.06695909037119,9.83960572660134,0.4,1.01851346955751"
"1000,100,""WQS"",-112.126869189812,2.57997048527671,1,1.00354516856598"
"5000,100,""Lasso_min"",1.10521792831525,0.679481722505961,0.8,0.99263690299167"
"5000,100,""Lasso_1se"",1.07610704133942,3.95587414114578,0.8,1.00070688161761"
"5000,100,""AdaptLasso_min"",1.11102852642163,0.927335547362045,1,0.992620599184612"
"5000,100,""AdaptLasso_1se"",1.09895606657641,0.719790789000356,1,0.997832686459432"
"5000,100,""Elastic_Net_min"",1.10421952516792,0.658501956958084,0.8,0.992636724215788"
"5000,100,""Elastic_Net_1se"",1.07916282527626,3.26898140602923,0.8,0.998048916755715"
"5000,100,""WQS"",-138.560770764602,1.01488131758155,1,1.01386472049455"
